actor,cast,Popul,score
Ahn Bo Hyun,10,542.9,8.190000000000001
Ahn Chang Hwan,1,1066.0,7.7
Ahn Do Kyu,1,6524.0,6.9
Ahn Dong Goo,2,1213.0,8.8
Ahn Eun Jin,4,2701.75,7.725
Ahn Hae Sook,1,10425.0,6.8
Ahn Hee Yeon,3,1191.6666666666667,7.8
Ahn Hyo Seop,7,616.1428571428571,8.15
Ahn Jae Hong,2,176.5,8.5
Ahn Jae Hyun,6,267.1666666666667,7.866666666666667
Ahn Jae Min,1,8632.0,7.3
Ahn Jae Mo,6,53980.0,7.883333333333333
Ahn Jae Wook,7,20186.285714285714,7.733333333333334
Ahn Ji Ho,2,2174.5,8.5
Ahn Jung Hoon,1,7146.0,7.5
Ahn Jung Hun,1,2348.0,7.5
Ahn Kil Kang,5,2489.2,7.639999999999999
Ahn Mi Na,1,4799.0,7.4
Ahn Nae Sang,16,3387.5,7.831249999999999
Ahn Sang Tae,1,5496.0,7.1
Ahn Se Ha,5,1353.2,7.8199999999999985
Ahn Se Ho,1,614.0,8.4
Ahn Seo Hyun,2,50469.0,7.7
Ahn Seung Gyun,2,484.5,8.35
Ahn So Hee,3,733.6666666666666,8.233333333333333
Ahn Suk Hwan,2,2054.0,8.350000000000001
Ahn Sun Young,2,50948.0,7.15
Ahn Woo Yeon,4,2593.25,7.925000000000001
Ahn Yun Hong,3,40883.333333333336,7.433333333333333
Andy,2,56300.5,7.45
Anupam Tripathi,1,31.0,8.5
Aoora,1,866.0,7.3
Bae Da Bin,2,1143.0,8.05
Bae Doo Na,8,3669.625,7.800000000000001
Bae Geu Rin,2,6934.5,7.4
Bae Hae Seon,3,350.0,8.133333333333335
Bae Hyun Sung,1,606.0,8.1
Bae In Hyuk,6,1783.1666666666667,8.3
Bae Jong Ok,14,18102.428571428572,7.535714285714286
Bae Jung Nam,2,2433.5,7.1
Bae Min Hee,1,5035.0,7.1
Bae Min Jung,1,781.0,7.5
Bae Seul Gi,1,9702.0,7.3
Bae So Young,1,808.0,7.2
Bae Soo Bin,6,18890.166666666668,7.333333333333335
Bae Sung Woo,2,2421.0,8.2
Bae Suzy,6,316.8333333333333,7.983333333333334
Bae Yong Joon,4,76156.75,7.375
Bae Yoo Ram,1,2691.0,7.4
Bae Yoon Kyung,1,270.0,8.3
Baek  Yoon Shik,1,79.0,8.5
Baek Bo Ram,1,7973.0,7.2
Baek Chul Min,1,1076.0,7.5
Baek Eun Hye,2,3645.0,8.15
Baek Hyun Jin,2,157.5,8.45
Baek Il Sub,5,62270.4,7.38
Baek Ji Won,3,2262.3333333333335,8.066666666666666
Baek Jin Hee,9,1524.888888888889,7.655555555555556
Baek Jong Min,1,7323.0,7.5
Baek Jong Won,1,1200.0,7.3
Baek Min Hyun,2,7598.5,7.550000000000001
Baek Ok Dam,1,8406.0,7.4
Baek Seo Hoo,2,456.0,7.9
Baek Seung Do,1,12811.0,6.9
Baek Seung Hee,3,37452.333333333336,7.449999999999999
Baek Seung Heon,2,61.0,7.6
Baek Soo Min,1,580.0,7.4
Baek Sung Chul,2,1150.0,7.6
Baek Sung Hyun,4,2842.75,7.7
Baek Ye Bin,1,9188.0,6.9
Baek Young Kwang,1,3246.0,7.2
Ban Hyo Jung,4,76320.25,7.85
Ban Min Jung,1,3415.0,7.7
Ban So Young,1,9306.0,7.6
Bang Eun Hee,3,36212.333333333336,7.25
Bang Min Ah,3,1204.6666666666667,7.5
Baro,7,2230.5714285714284,7.628571428571429
Bona,2,1195.0,8.0
Bong Tae Kyu,4,26444.25,7.875
Brian Joo,1,99999.0,7.3
Bu Bae,3,9298.666666666666,7.166666666666667
Byeon Woo Seok,3,652.0,7.666666666666667
Byun Baek Hyun,2,86.0,8.2
Byun Hee Bong,7,33428.71428571428,7.757142857142857
Byun Jung Soo,3,2441.0,7.2
Byun Woo Min,2,51589.0,7.449999999999999
Byun Yo Han,4,389.75,8.5
CNU,1,4375.0,7.8
Cha Chung Hwa,2,4163.5,7.65
Cha Do Jin,3,40309.0,7.2
Cha Eun Woo,6,515.3333333333334,8.040000000000001
Cha Hak Yeon,6,1424.3333333333333,7.949999999999999
Cha Hwa Yun,6,19498.5,7.983333333333333
Cha Hyun Jung,1,99999.0,6.6
Cha In Ha,1,290.0,7.8
Cha In Pyo,6,53527.666666666664,7.266666666666667
Cha Jae Hoon,1,241.0,8.2
Cha Ji Yeon,2,837.5,8.45
Cha Joo Ok,1,99999.0,7.4
Cha Joo Young,2,1314.5,7.85
Cha Jung Won,2,1613.0,7.75
Cha Kwang Soo,3,4423.0,7.7
Cha Min Ji,3,4325.666666666667,7.533333333333334
Cha Seo Won,4,5515.25,7.375
Cha Seung Won,7,1670.2857142857142,8.028571428571428
Cha Shi Won,1,235.0,8.6
Cha Soo Yeon,1,360.0,8.3
Cha Soon Bae,1,8010.0,
Cha Tae Hyun,6,17485.0,7.783333333333332
Cha Ye Ryun,7,17053.285714285714,7.328571428571429
Chae Gook Hee,1,213.0,8.5
Chae Jong Hyeop,4,395.0,7.949999999999999
Chae Jung An,13,9621.538461538461,7.646153846153846
Chae Min Seo,1,99999.0,7.4
Chae Rim,6,23113.666666666668,7.616666666666667
Chae Sang Woo,2,3405.5,7.65
Chae Seo Jin,3,1764.6666666666667,7.3999999999999995
Chae Shi Ra,8,16822.25,7.612500000000001
Chae So Young,2,7374.0,7.0
Chae Soo Bin,8,720.375,8.1
Chang Jo,1,1982.0,7.1
Chang Ryul,1,115.0,8.7
Chani,1,332.0,8.1
Cheon Seung Ho,1,158.0,8.1
Cho Byeong Kyu,4,1930.75,8.5
Cho Hye Jin,1,12811.0,6.9
Cho Hye Jung,2,555.0,8.100000000000001
Cho Mi Yeon,3,3137.6666666666665,7.333333333333333
Cho Seung Woo,5,1070.2,8.18
Cho Yeo Jung,9,2206.777777777778,7.588888888888889
Cho Yu Ha,1,2632.0,7.0
Choe Chan Yi,1,306.0,8.3
Choi  Tae Joon,7,1862.2857142857142,7.800000000000002
Choi  Woo Shik,7,1101.7142857142858,8.142857142857142
Choi Bo Min,1,824.0,8.0
Choi Bool Am,4,77778.5,7.55
Choi Bum Ho,1,1412.0,8.3
Choi Byung Chan,3,294.6666666666667,8.4
Choi Byung Mo,2,1661.0,8.2
Choi Chan Ho,1,580.0,7.4
Choi Chul Ho,4,32711.25,7.800000000000001
Choi Dae Chul,5,2229.4,7.58
Choi Dae Hoon,4,2064.25,8.166666666666668
Choi Dae Sung,1,2285.0,7.1
Choi Daniel,9,2320.3333333333335,7.475
Choi Deok Moon,3,34699.0,7.733333333333333
Choi Dong Joon,1,6970.0,7.9
Choi Gwi Hwa,3,2594.6666666666665,7.8
Choi Hee Seo,3,34035.333333333336,7.3999999999999995
Choi Hui Seung,1,1286.0,8.0
Choi Hwa Jung,2,2464.5,7.8
Choi Hye Jin,1,5949.0,
Choi Hyun Jin,1,1919.0,8.6
Choi Hyun Suk,1,2404.0,8.3
Choi Hyun Wook,1,505.0,8.8
Choi Il Hwa,5,25899.4,7.4
Choi Ja Hye,2,4297.0,7.550000000000001
Choi Jae Ho,1,10653.0,7.4
Choi Jae Hwan,1,7774.0,7.6
Choi Jae Rim,1,3049.0,7.6
Choi Jae Sub,1,522.0,7.6
Choi Jae Sung,4,33499.25,7.675
Choi Jae Won,1,99999.0,6.6
Choi Jae Woong,3,1104.3333333333333,8.0
Choi Ji Na,2,5949.0,7.800000000000001
Choi Ji Su,1,2253.0,7.4
Choi Ji Woo,9,3487.3333333333335,7.3999999999999995
Choi Jin Ho,3,224.33333333333334,8.6
Choi Jin Hyuk,14,8176.928571428572,7.828571428571429
Choi Jin Shil,3,39010.333333333336,7.666666666666667
Choi Jong Hwan,2,2940.5,7.25
Choi Jong Won,2,51345.0,7.550000000000001
Choi Joo Hee,1,4754.0,7.0
Choi Joon Yong,1,3179.0,7.6
Choi Jung Won,2,2630.5,7.35
Choi Jung Woo,7,2308.285714285714,7.985714285714286
Choi Jung Yoon,9,26826.0,7.377777777777776
Choi Kang Hee,10,12244.4,7.540000000000001
Choi Kwang Il,5,842.6,7.720000000000001
Choi Kwang Je,2,3208.5,8.0
Choi Kwon,1,174.0,8.2
Choi Kyu Hwan,3,67203.0,7.666666666666667
Choi Kyu Jin,2,1670.0,8.05
Choi Min,2,8148.111111111111,7.658823529411764
Choi Min Ho,5,1461.4,7.540000000000001
Choi Min Shik,1,7868.0,
Choi Min Soo,9,13672.111111111111,7.7555555555555555
Choi Min Yong,1,2422.0,8.1
Choi Moo Sung,3,727.3333333333334,8.366666666666665
Choi Moon Hee,1,9286.0,7.4
Choi Moon Seok,1,99999.0,
Choi Myung Gil,9,4962.444444444444,7.255555555555556
Choi Phillip,2,3275.0,7.5
Choi Ran,3,5213.666666666667,7.1000000000000005
Choi Ri,2,938.0,8.1
Choi Ro Woon,1,938.0,7.8
Choi Sang Hoon,1,99999.0,6.9
Choi Seung Kyung,1,7293.0,7.3
Choi Si Won,8,2570.75,7.6571428571428575
Choi Song Hyun,2,1575.0,7.4
Choi Soo Jong,7,20644.571428571428,7.714285714285714
Choi Soo Rin,3,3022.3333333333335,7.333333333333333
Choi Soo Young,10,2230.9,7.790000000000001
Choi Sun Ah,1,99999.0,10.0
Choi Sung Eun,2,229.0,8.600000000000001
Choi Sung Jae,2,8714.0,7.15
Choi Sung Won,1,459.0,7.4
Choi Won Tae,1,7377.0,6.9
Choi Won Young,14,8901.714285714286,7.892307692307693
Choi Woo Hyeok,1,99999.0,7.3
Choi Woo Suk,5,44845.6,6.92
Choi Woong,3,6641.0,7.366666666666667
Choi Ye Bin,1,1880.0,8.0
Choi Yeo Jin,11,2385.2727272727275,7.509090909090909
Choi Yeon Cheong,1,158.0,8.1
Choi Yong Min,1,3793.0,7.6
Choi Yoo Hwa,3,1344.3333333333333,8.0
Choi Yoon Je,1,709.0,8.2
Choi Yoon So,5,6071.4,7.56
Choi Yoon Young,5,3879.0,7.56
Choi Young Jae,1,641.0,7.9
Choo Ja Hyun,4,2444.25,8.166666666666666
Choo Seung Wook,1,2366.0,8.2
Choo So Young,1,11607.0,7.5
Choo Soo Hyun,1,548.0,7.5
Choo Young Woo,1,635.0,8.0
Chun Bo Geun,1,2359.0,7.9
Chun Ho Jin,11,972.3636363636364,8.254545454545454
Chun Jae Ho,1,3653.0,7.4
Chun Jung Myung,9,3337.8888888888887,7.2333333333333325
Chun Min Hee,1,133.0,7.9
Chun Woo Hee,3,1809.0,7.933333333333334
Clara Lee,2,1577.0,7.45
D.ana,1,5549.0,7.4
Danny Ahn,3,33890.333333333336,7.466666666666666
David Lee,4,1139.0,7.975
Dawon,1,82.0,8.4
Dennis Oh,1,4903.0,7.2
Do Ji Han,3,2454.6666666666665,7.433333333333334
Do Ji Won,5,4138.0,7.76
Do Sang Woo,4,1580.0,7.6
Doh Kyung Soo,4,1422.75,7.766666666666667
Dok Go Young Jae,1,1756.0,7.8
Dong Ha,3,1598.5714285714287,7.742857142857143
Dong Hyun Bae,1,189.0,8.1
EXY,1,1506.0,8.1
Eric Mun,8,3939.5,7.3875
Eru,1,5429.0,7.3
Esom,5,1269.4,8.025
Eugene,5,1179.3636363636363,7.945454545454546
Eum Moon Suk,1,742.0,8.0
Eun Ji Won,1,63.0,8.5
Feeldog,1,571.0,7.9
Fueki Yuko,3,38439.0,7.333333333333333
Ga Deuk Hee,2,1806.5,7.65
Gal So Won,1,4026.0,7.4
Geum Bo Ra,4,55246.75,7.2
Geum Sae Rok,3,363.0,8.6
Gil Eun Hye,3,1020.0,7.366666666666667
Gil Yong Woo,4,7300.5,7.225
Giriboy,1,4453.0,
Go Ah Ra,8,1336.625,7.875
Go Ah Sung,5,3529.6,7.82
Go Bo Gyeol,2,391.5,8.4
Go Do Yeon,1,2594.0,7.6
Go Doo Shim,13,10209.692307692309,7.5181818181818185
Go Eun Ah,1,99999.0,6.9
Go Eun Mi,2,99999.0,7.0
Go Geon Han,2,85.0,8.05
Go Gyu Pil,4,660.75,8.125
Go Hyun Jung,8,3546.25,7.7124999999999995
Go In Beom,3,3664.3333333333335,7.6000000000000005
Go Joo Won,5,24084.4,7.5
Go Joon Hee,8,3317.75,7.3875
Go Jun,4,20707.0,8.059999999999999
Go Jung Min,1,99999.0,7.6
Go Kyung Pyo,10,1035.6,8.144444444444446
Go Min Si,6,587.8333333333334,8.200000000000001
Go Myung Hwan,1,3751.0,7.3
Go Na Eun,3,35394.0,7.466666666666666
Go Na Hee,1,1039.0,8.3
Go Na Yeon,1,6778.0,7.6
Go Se Won,3,38043.666666666664,7.2
Go So Young,1,2510.0,7.4
Go Soo,10,12290.083333333334,7.741666666666667
Go Soo Hee,2,1415.0,7.5
Go Sung Hee,8,1616.875,7.737500000000001
Go Won Hee,9,2723.4444444444443,7.824999999999999
Go Woo Jin,1,306.0,8.3
Go Yoon,2,2522.75,7.7
Go Yoon Jung,2,1423.0,8.4
Gong Hyo Jin,9,1535.4444444444443,8.1375
Gong Hyun Joo,3,2864.6666666666665,7.766666666666667
Gong Hyung Jin,4,26831.0,7.45
Gong Jae Won,1,99999.0,6.8
Gong Jung Hwan,2,5703.5,7.5
Gong Min Jung,2,1390.0,7.4
Gong Myung,7,552.2857142857143,7.814285714285714
Gong Seung Yeon,8,1450.625,8.014285714285714
Gong Yoo,4,170.5,8.075
Goo Ha Ra,2,1545.0,7.5
Gu Bon Seung,1,99999.0,10.0
Gu Hye Seon,8,2887.25,7.2375
Gu Jae Yi,4,2567.25,7.65
Gu Seung Hyun,2,2624.5,6.65
Gu Won,3,3337.0,7.433333333333333
HA:TFELT,1,4051.0,6.8
Ha Do Gwon,3,1545.0,7.766666666666666
Ha Hee Ra,7,58895.857142857145,7.271428571428571
Ha Jae Sook,4,755.75,7.574999999999999
Ha Jae Young,2,3990.0,7.4
Ha Ji Won,10,12634.4,7.933333333333334
Ha Joo Hee,1,8088.0,7.3
Ha Joon,6,3419.5,7.799999999999998
Ha Jung Woo,1,4230.0,
Ha Kyu Won,1,181.0,8.3
Ha Seok Jin,15,9435.6,7.442857142857144
Ha Seung Ri,1,3754.0,7.6
Ha Shi Eun,2,2640.0,7.75
Ha Yeon Soo,4,1458.0,7.475
Ha Yun Joo,2,2667.0,7.25
Ham Eun Jung,5,5085.6,7.32
Ham Shin Young,1,99999.0,8.0
Ham Yeon Ji,1,99999.0,
Han Bo Bae,1,99999.0,7.9
Han Bo Reum,2,1064.5,7.55
Han Chae Ah,7,3245.8571428571427,7.314285714285715
Han Chae Young,4,2745.25,6.875
Han Da Gam,5,5825.2,7.42
Han Da Min,1,11841.0,7.1
Han Eun Seo,1,283.0,8.3
Han Eun Sun,1,791.0,7.5
Han Ga In,3,3230.3333333333335,7.966666666666666
Han Ga Rim,3,39261.666666666664,7.3
Han Gap Soo,1,6778.0,7.6
Han Gi Chan,1,158.0,8.1
Han Go Eun,9,26863.666666666668,7.055555555555556
Han Groo,2,707.5,7.6
Han Hye Jin,6,6041.0,7.116666666666667
Han Hye Rin,2,2451.5,7.25
Han Hye Sook,2,55739.5,7.5
Han Hyo Joo,3,974.0,8.7
Han Hyun Min,1,641.0,7.9
Han Jae Suk,8,17654.625,7.3125
Han Ji An,1,196.0,8.0
Han Ji Eun,5,1189.6,8.25
Han Ji Hye,8,4326.375,7.425
Han Ji Hyo,1,3015.0,7.1
Han Ji Hyun,2,4513.0,
Han Ji Min,10,1852.7,7.909999999999999
Han Ji Sang,2,6719.0,7.4
Han Ji Wan,1,9452.0,7.4
Han Jin Hee,6,24003.0,7.133333333333333
Han Joo Wan,6,2094.8333333333335,7.566666666666667
Han Joon Woo,1,730.0,8.2
Han Jung Soo,2,485.0,7.45
Han Ki Woong,1,3455.0,7.6
Han Min,1,629.0,8.1
Han Sang Jin,5,4686.8,7.279999999999999
Han Seo Jin,1,1899.0,8.0
Han Seok Kyu,4,1138.0,8.25
Han Seung Yeon,6,1289.5,7.716666666666668
Han So Eun,2,984.0,8.2
Han So Hee,7,284.85714285714283,8.200000000000001
Han So Young,1,1641.0,6.8
Han Soo Yeon,1,1834.0,7.3
Han Sun Hwa,8,1248.5,7.9125000000000005
Han Ye Ri,6,1194.5,7.999999999999999
Han Ye Seul,7,1530.857142857143,7.528571428571429
Han Ye Won,1,8651.0,7.3
Han Yi Jin,1,2632.0,7.0
Han Young,1,6678.5,7.199999999999999
Han Young Soo,1,4051.0,6.8
Henry Lau,1,42.0,8.3
Heo Hyung Kyu,1,1281.0,7.9
Heo Jae Ho,2,799.5,7.9
Heo Ji Won,1,896.0,8.1
Heo Joon Ho,7,14759.42857142857,8.271428571428572
Heo Jun Seok,3,1381.3333333333333,7.699999999999999
Heo Jung Eun,2,2196.0,8.05
Heo Jung Min,6,18095.166666666668,7.533333333333334
Heo Sung Tae,6,2323.8333333333335,8.100000000000001
Heo Yi Jae,2,8602.5,6.85
Heo Yoon Jung,1,99999.0,4.0
Heo Young Joo,1,4388.0,7.5
Heo Young Ran,1,10333.0,7.4
Hong Ah Reum,4,32050.0,7.2749999999999995
Hong Bi Ra,1,595.0,8.3
Hong Bin,3,450.3333333333333,7.7
Hong Eun Hee,6,4686.666666666667,7.316666666666666
Hong Hyun Taek,1,5496.0,7.1
Hong Il Kwon,1,12010.0,7.1
Hong In Young,1,99999.0,7.5
Hong Je Yi,1,1273.0,7.1
Hong Ji Yoon,1,275.0,7.8
Hong Ji Young,1,5630.0,7.1
Hong Jin Hee ,1,7344.0,6.7
Hong Jong Hyun,7,1882.142857142857,7.728571428571428
Hong Jung Min,1,267.0,8.4
Hong Kyung,2,27963.75,7.966666666666668
Hong Kyung In,1,5068.0,7.2
Hong Kyung Min,1,99999.0,7.9
Hong Ri Na,1,99999.0,7.0
Hong Rok Gi,1,1064.0,7.1
Hong Seo Young,2,329.0,7.45
Hong Seok Cheon,2,2710.5,7.449999999999999
Hong Seung Hee,2,175.0,9.1
Hong Soo Ah,2,6558.5,6.949999999999999
Hong Soo Hyun,7,3202.285714285714,7.785714285714286
Hong Yeo Jin,3,4723.333333333333,7.366666666666667
Hong Yoon Hwa,1,934.0,7.1
Hoya,6,512.0,7.8
Hur Hyun Jun,1,201.0,7.7
Hwang Bo Mi,1,3648.0,7.4
Hwang Bo Ra,6,17824.0,7.616666666666667
Hwang Bo Reum Byeol,1,635.0,8.0
Hwang Chan Sung,6,1840.0,7.516666666666667
Hwang Chan Woo,1,8088.0,7.3
Hwang Dong Joo,2,54197.5,6.949999999999999
Hwang Eun Jung,1,3476.0,6.7
Hwang Geum Byul,1,374.0,8.4
Hwang Hee,3,206.33333333333334,8.466666666666667
Hwang Hyun Hee,1,183.0,7.4
Hwang In Youp,3,238.33333333333334,8.3
Hwang Jae Won,1,1271.0,7.1
Hwang Ji Ni,1,99999.0,7.2
Hwang Jung Eum,11,1131.5454545454545,7.8
Hwang Jung Min,6,4073.3333333333335,7.56
Hwang Jung Seo,1,8406.0,7.4
Hwang Min Hyun,3,394.0,8.733333333333333
Hwang Seok Jung,3,34446.666666666664,7.066666666666666
Hwang Seung Eon,10,1302.4,7.409999999999999
Hwang Shin Hye,5,23594.2,7.239999999999999
Hwang Soo Jung,3,40679.666666666664,7.666666666666667
Hwang Sun Hee,4,2057.25,7.475
Hwang Woo Seul Hye,2,1493.5,7.75
Hwang Woo Yun,1,153.0,8.1
Hwang Young Hee,3,2415.6666666666665,7.366666666666667
Hwanhee,1,4366.0,7.0
Hwiyoung,1,2253.0,7.4
Hyolyn,2,219.0,6.9
Hyun Bin,4,1468.6923076923076,7.916666666666667
Hyun Jyu Ni,1,8157.0,7.3
Hyun Seung Hee,1,6594.0,7.0
Hyun Suk,6,58343.57142857143,7.428571428571429
Hyun Woo,7,8164.371428571429,7.655882352941177
Hyun Woo Sung,2,6350.0,7.55
I.L,1,1506.0,8.1
IU,7,343.85714285714283,7.914285714285714
Im Chae Moo,3,8229.666666666666,7.1000000000000005
Im Chang Jung,1,99999.0,7.1
Im Chul Hyung,1,1549.0,8.3
Im Da Young,1,841.0,8.2
Im Dae Ho,1,9145.0,6.4
Im Do Yoon,2,175.0,8.2
Im Dong Jin,3,69394.33333333333,6.8
Im Eun Kyung,1,7448.0,6.9
Im Ho,4,31104.25,7.55
Im Hwa Young,4,1688.5,8.049999999999999
Im Hwi Jin,1,1286.0,8.0
Im Hyuk,3,76804.5,7.5
Im Hyuk Joo,1,99999.0,8.1
Im Hyun Shik,2,51505.0,7.55
Im Hyun Sung,1,1655.0,7.7
Im Hyung Joon,1,1226.0,7.2
Im Ji Eun,4,6043.75,7.45
Im Ji Yeon,5,2093.8,7.62
Im Joo Hwan,10,1069.6,7.839999999999999
Im Ju Eun,7,2222.4285714285716,7.685714285714286
Im Jung Eun,3,36897.666666666664,7.233333333333333
Im Se Mi,9,3475.8888888888887,7.762500000000001
Im Seul Ong,4,1775.25,7.699999999999999
Im Si Wan,7,1538.4285714285713,8.071428571428571
Im Soo Hyang,12,1484.6666666666667,7.375
Im Soo Jung,5,513.0,8.18
Im Sung Eon,2,4103.0,7.85
Im Tae Kyung,1,1007.0,8.3
Im Won Hee,4,2515.75,7.449999999999999
Im Ye Jin,2,99999.0,7.0
Im Yoon Ah,6,867.3333333333334,7.866666666666666
Im Yoon Ho,1,3648.0,7.4
In Gyo Jin,6,19617.333333333332,7.866666666666668
Ivy,1,10335.0,7.1
Jae Hee,4,17748.375,7.2749999999999995
Jang  Kyung Ah,1,7481.0,7.4
Jang Dong Gun,6,50203.166666666664,7.966666666666666
Jang Dong Jik,2,9271.5,7.5
Jang Dong Joo,1,1082.0,7.9
Jang Dong Yoon,7,904.5714285714286,8.085714285714285
Jang Eui Soo,1,158.0,8.1
Jang Eun Bi,1,99999.0,7.4
Jang Geun Suk,6,1442.6666666666667,7.533333333333332
Jang Gwang,5,1594.6,8.05
Jang Gyu Ri,2,4513.0,
Jang Hee Jin,8,1532.625,7.849999999999999
Jang Hee Ryung,2,1328.5,7.25
Jang Hye Jin,3,1559.3333333333333,8.1
Jang Hyuk,17,1503.2105263157894,7.989473684210526
Jang Hyuk Jin,2,172.0,8.75
Jang Hyun Sung,16,8563.8125,7.793750000000002
Jang In Sub,1,1417.0,7.8
Jang Ji Eun,1,721.0,7.6
Jang Ji Won,1,99999.0,6.5
Jang Jin Young,1,6352.0,7.2
Jang Joon Hyun,1,482.0,7.4
Jang Ki Beom,1,4884.0,6.7
Jang Ki Yong,9,724.0,7.766666666666666
Jang Mi Hee ,5,1906.2,7.519999999999999
Jang Mi In Ae,2,99999.0,6.699999999999999
Jang Na Ra,12,1441.0,7.766666666666667
Jang Se Hyun,1,1954.0,7.5
Jang Seo Hee,4,6598.5,7.450000000000001
Jang Seung Jo,8,1583.125,7.987499999999999
Jang Shin Young,6,6728.166666666667,7.25
Jang So Yeon,5,2012.0,7.6
Jang Sung Yoon,1,936.0,8.2
Jang Tae Sung,1,2466.0,7.0
Jang Won Hyuk,1,8847.0,7.4
Jang Won Young,1,2264.0,6.9
Jang Ye Seul,1,99999.0,7.2
Jang Yong,2,1629.0,8.2
Jang Yoo Sang,2,714.5,7.4
Jang Yoon Ju,1,577.0,8.3
Jang Young Nam,7,1821.2857142857142,8.014285714285714
Jasper Cho,1,5245.0,7.3
Jay B,2,219.0,6.9
Jei,1,500.0,6.7
Jeon Bae Soo,1,227.0,9.2
Jeon Chae Eun,1,179.0,8.8
Jeon Chang Ha,1,866.0,7.3
Jeon Do Yeon,3,2639.0,7.900000000000001
Jeon Gook Hwan,6,2014.0,7.533333333333332
Jeon Hye Bin,9,2651.1111111111113,7.699999999999999
Jeon Hye Jin,5,40800.2,7.960000000000001
Jeon Hye Soo,1,9959.0,7.9
Jeon Hyo Sung,4,2042.5,7.675
Jeon Ik Ryung,2,51062.5,7.949999999999999
Jeon In Hwa,3,4281.333333333333,7.433333333333334
Jeon Jae Yeong,1,158.0,8.1
Jeon Jin Ki,1,99999.0,7.4
Jeon Jin Seo,1,508.0,8.3
Jeon Jong Seo,1,577.0,8.3
Jeon Kwang Ryul,11,3308.909090909091,7.481818181818181
Jeon Mi Do,2,295.5,8.6
Jeon Mi Seon,5,4845.0,7.359999999999999
Jeon Min Seo,1,99999.0,7.4
Jeon Moo Song,1,961.0,7.8
Jeon Noh Min,7,18094.285714285714,7.542857142857143
Jeon Seung Bin,1,99999.0,7.5
Jeon So Min,9,2635.6666666666665,7.688888888888889
Jeon So Nee,2,2261.5,7.8
Jeon Soo Jin,2,1048.0,8.05
Jeon Soo Kyung,3,5264.0,7.333333333333333
Jeon Sung Woo,2,1134.0,8.45
Jeon Tae Soo,1,2081.0,8.2
Jeon Woon,1,99999.0,4.0
Jeon Yang Ja,1,7754.0,7.3
Jeon Yeo Been,4,1518.75,8.75
Jeon Yu Na,1,1055.0,8.4
Jeong Bo Seok,10,4318.8,7.709999999999999
Jeong Hee Tae,1,4804.0,7.2
Jeong Jae Hyun,1,606.0,8.1
Jeong Seon Yul,1,6080.0,7.4
Jeong Yun Ho,1,332.0,8.1
Ji  Il Joo,3,33550.0,7.7
Ji Chang Wook,16,944.75,7.874999999999999
Ji Eun Sung,2,12324.0,7.35
Ji Gun Woo,2,705.5,7.9
Ji Hye Won,1,267.0,8.4
Ji Hyun Woo,13,9921.384615384615,7.492307692307692
Ji Jin Hee,12,2915.1666666666665,7.525000000000001
Ji Joo Yeon,1,7015.0,7.3
Ji Min Hyuk,1,939.0,7.9
Ji Seung Hyun,5,818.8,8.02
Ji Soo Won,2,4998.5,7.449999999999999
Ji Sung,13,1630.9411764705883,7.911764705882353
Ji Woo,3,3162.6,7.561538461538461
Ji Yi Soo,1,3535.0,6.3
Jin  Ji Hee,3,3030.6666666666665,7.599999999999999
Jin Goo,8,1808.6666666666667,7.761904761904762
Jin Gun,1,866.0,7.3
Jin Ha,1,1055.0,8.4
Jin Hee Kyung,6,17179.0,7.916666666666665
Jin Ho Eun,1,3968.0,7.4
Jin Hyuk,1,6804.529411764706,7.876470588235293
Jin Jae Young,1,99999.0,6.9
Jin Joo Hyung,1,3754.0,7.6
Jin Ki Joo,6,1006.6666666666666,8.133333333333333
Jin Kyung,8,903.7,8.01
Jin Se Yeon,11,1653.5454545454545,7.7
Jin Seo Yun,2,887.5,8.2
Jin Seon Kyu,1,1021.0,8.7
Jin Tae Hyun,6,22642.0,7.266666666666667
Jin Ye Ju,2,729.5,7.449999999999999
Jin Ye Sol,2,8178.5,6.949999999999999
Jin Yi Han,8,3265.0,7.4875
Jo  Hyun Sook,1,9959.0,7.9
Jo  Min Ki,3,33701.0,7.8
Jo  Sang Gu,1,4366.0,7.0
Jo  Woo Jin,3,1493.0,8.8
Jo A Young,1,2735.0,6.9
Jo An,3,36461.333333333336,7.633333333333333
Jo Bo Ah,10,563.5,7.849999999999999
Jo Bok Rae,2,1363.0,7.7
Jo Dal Hwan,5,3463.0,7.340000000000001
Jo Dong Hyuk,5,2731.4,7.960000000000001
Jo Dong In,1,668.0,8.5
Jo Duk Je,1,99999.0,7.3
Jo Eun Ji,2,634.0,8.05
Jo Han Chul,6,480.5,8.48
Jo Han Joon,1,8847.0,7.4
Jo Han Sun,3,5934.333333333333,7.1000000000000005
Jo Hee Bong,5,1566.0,7.880000000000001
Jo Hwi Joon,2,1136.5,7.199999999999999
Jo Hye Joo,1,353.0,7.8
Jo Hyun Chul,3,432.6666666666667,8.566666666666666
Jo Hyun Jae,7,17603.85714285714,7.485714285714285
Jo Jae Hyun,12,12426.5,7.491666666666667
Jo Jae Yoon,7,720.7142857142857,8.114285714285714
Jo Jin Woong,4,1053.75,7.925
Jo Jung Suk,8,592.25,8.100000000000001
Jo Kwon,1,3225.0,7.4
Jo Kyung Hoon,1,99999.0,6.6
Jo Kyung Hwan,2,53703.5,7.3
Jo Mi Ryung,4,6466.25,7.6
Jo Min Soo,5,43582.0,7.279999999999999
Jo Seung Hyun,1,6080.0,7.4
Jo Soo Hyang,2,723.0,7.8
Jo Soo Min,1,998.0,8.1
Jo Sung Ha,9,1210.0,7.844444444444445
Jo Wan Ki,2,3699.0,8.15
Jo Woo Ri,3,894.3333333333334,7.666666666666667
Jo Yeon Woo,3,7991.666666666667,7.366666666666667
Jo Yi Hyun,3,698.0,8.1
Jo Yi Jin,2,8597.5,7.199999999999999
Jo Yoo Jung,1,701.0,7.9
Jo Yoon Hee,8,15972.5,7.6375
Jo Yoon Woo,4,1608.0,7.45
Jo Young Jin,1,420.0,8.2
Jo Yun Hee,2,879.0,8.6
Jong Ji Woo,1,5948.0,
Joo Ah Reum,2,5751.0,7.35
Joo Bo Young,1,4163.0,
Joo Hae Eun,1,1817.0,7.9
Joo Hyun,1,17151.0,7.415384615384615
Joo Hyun Young,1,99999.0,
Joo Ji Hoon,6,946.5,7.866666666666667
Joo Jin Mo,11,10960.454545454546,7.527272727272727
Joo Jong Hyuk,1,256.0,8.5
Joo Min Kyung,4,1260.25,8.0
Joo Sang Wook,13,9495.153846153846,7.63076923076923
Joo Seok Tae,1,729.0,8.6
Joo Won,8,9664.23076923077,7.684615384615384
Joo Woo Jae,3,1712.0,7.3
Joo Yeon Woo,1,1611.0,7.0
Joy,3,399.0,7.7
Jubi,1,1961.0,6.8
Julien Kang,1,5249.0,7.2
Jun  In Taek,2,51418.0,7.45
Jun Hyun,1,3644.0,7.366666666666667
Jun Ji Hyun,5,1890.2,8.22
Jun Min Jung,1,99999.0,
Jun Suk Ho,2,181.5,8.75
Jung  Ji Soon,1,1580.0,7.2
Jung  Joo Eun,1,7323.0,7.5
Jung  Soo Young,2,1945.5,7.5
Jung Ae Ri,5,24990.6,7.959999999999999
Jung Ae Yun,2,50718.0,6.9
Jung Chae Yeon,4,3425.75,7.666666666666667
Jung Chan,2,5693.0,7.5
Jung Chan Bi,1,448.0,7.5
Jung Da Bin,4,1673.75,7.733333333333333
Jung Da Eun,3,629.6666666666666,8.033333333333333
Jung Da Sol,2,61.0,7.6
Jung Da Young,2,9384.5,6.95
Jung Dong Gyu,1,327.0,8.7
Jung Dong Hoon,1,4300.0,
Jung Dong Hwan,4,30033.0,7.275
Jung Dong Hyun,1,4051.0,6.8
Jung Eugene,6,387.8333333333333,8.083333333333334
Jung Eui Jae,2,3391.0,7.550000000000001
Jung Eui Wook,1,3726.0,
Jung Eun Chae,4,745.75,8.1
Jung Eun Ji,6,1410.5,7.94
Jung Eun Pyo,1,2203.0,7.6
Jung Eun Woo,4,6796.0,7.2749999999999995
Jung Ga Ram,1,41.0,7.4
Jung Gun Joo,3,676.3333333333334,7.966666666666668
Jung Gyu Woon,8,14911.875,7.299999999999999
Jung Hae In,9,1004.4444444444445,8.0375
Jung Hae Kyun,4,958.75,8.049999999999999
Jung Han Hun,4,5952.0,7.575
Jung Han Yong,4,5585.75,7.2250000000000005
Jung Heon,3,6955.0,7.400000000000001
Jung Heung Chae,1,99999.0,7.4
Jung Ho Bin,2,6094.5,7.75
Jung Ho Geun,2,5574.0,7.800000000000001
Jung Ho Yeon,1,31.0,8.5
Jung Hye In,2,3911.5,7.4
Jung Hye Sun,5,11206.09090909091,7.236363636363635
Jung Hye Sung,6,2109.5,7.816666666666667
Jung Hye Young,4,51931.0,7.275
Jung Hyun Ji,1,866.0,7.3
Jung Hyung Suk,1,5733.0,7.7
Jung Il Woo,10,1112.0,7.730000000000001
Jung In Ki,3,762.3333333333334,7.666666666666667
Jung In Kyum,1,834.0,7.3
Jung In Sun,7,1264.5714285714287,7.828571428571429
Jung Jae Hyuk,1,4465.0,6.0
Jung Jae Jin,1,7004.0,7.0
Jung Jae Oh,1,353.0,7.8
Jung Jae Soon,5,43525.0,7.38
Jung Jae Young,4,2421.25,8.100000000000001
Jung Ji Ah,1,751.6666666666666,7.733333333333333
Jung Ji Ahn,2,790.0,8.0
Jung Ji So,4,26441.5,7.766666666666666
Jung Ji Yoon,2,5374.5,7.25
Jung Jin Woo,2,2121.3333333333335,7.300000000000001
Jung Jin Woon,4,246.0,7.300000000000001
Jung Jin Young,10,1203.2,7.88
Jung Joo Yeon,1,9145.0,6.4
Jung Joon,4,25763.0,7.792307692307693
Jung Joon Ho,8,14893.375,7.912499999999999
Jung Joon Young,1,418.0,7.9
Jung Kyu Soo,1,7260.0,7.0
Jung Kyung Ho,11,690.4545454545455,8.200000000000001
Jung Kyung Soon,3,1004.6666666666666,7.466666666666666
Jung Man Shik,3,1480.3333333333333,7.6000000000000005
Jung Min,2,14996.44,7.587499999999999
Jung Min Ah,2,3694.5,7.95
Jung Min Jin,1,12436.0,7.1
Jung Min Sung,1,2042.0,8.2
Jung Moon Sung,3,1264.3333333333333,7.866666666666667
Jung Ryeo Won,9,3305.1111111111113,7.611111111111111
Jung Sang Hoon,9,2546.8888888888887,7.822222222222221
Jung Se In,1,99999.0,6.5
Jung Seo In,1,158.0,8.1
Jung Seung Ho,2,7569.5,7.15
Jung Shi Ah,1,99999.0,6.3
Jung Shin Hye,1,1286.0,8.0
Jung So Min,12,1127.1666666666667,8.116666666666665
Jung So Young,3,9013.666666666666,7.199999999999999
Jung Soo Bin,1,12278.0,
Jung Suk Won,3,34518.0,7.166666666666667
Jung Suk Yong,4,3119.5,8.05
Jung Sung Ho,1,9286.0,7.4
Jung Sung Hwan,1,11841.0,7.1
Jung Sung Mo,1,3455.0,7.6
Jung Sung Woon,4,53499.75,7.375000000000001
Jung Tae Woo,2,54725.5,7.0
Jung Ui Kap,1,99999.0,7.0
Jung Won Chang,1,2192.0,8.0
Jung Won Joong,2,3536.5,7.55
Jung Woo,3,15451.641025641025,7.597142857142858
Jung Woo Jin,1,3664.0,
Jung Woo Sung,3,35120.333333333336,7.3999999999999995
Jung Woo Yeon,2,7943.0,7.55
Jung Wook,2,41844.4,6.74
Jung Woon Sun,2,274.0,7.7
Jung Woon Taek,1,2264.0,6.9
Jung Woong In,13,17877.69230769231,7.746153846153845
Jung Yeon Joo,1,636.0,7.9
Jung Yi Rang,2,2689.0,7.5
Jung Yi Seo,1,678.0,8.3
Jung Yi Yeon,3,38933.666666666664,7.266666666666666
Jung Yong Hwa,6,540.1666666666666,7.766666666666667
Jung Yoo Ahn,1,785.0,7.7
Jung Yoo Chan,2,53069.0,7.050000000000001
Jung Yoo Geun,2,6542.0,7.05
Jung Yoo Mi,8,3442.7272727272725,7.590909090909091
Jung Yoo Min,3,5104.666666666667,7.266666666666667
Jung Yoon Hak,1,1159.0,7.1
Jung Young Joo,1,111.0,9.2
Jung Young Sook,1,10653.0,7.4
Jung Yu Mi,5,1225.0,7.719999999999999
Kai,3,800.0,7.166666666666667
Kam Woo Sung,6,19243.0,7.766666666666666
Kang  Byul,5,5208.8,7.5
Kang  Dong Ho,2,1089.0,7.35
Kang  Min Ah,4,1428.25,7.725
Kang  Suk Woo,3,37294.333333333336,7.2
Kang Boo Ja,3,34306.333333333336,7.633333333333333
Kang Cho Hee,1,5930.0,8.0
Kang Chul Woong,1,1336.0,7.2
Kang Da Bin,1,12311.0,7.3
Kang Dae Sung,1,1389.0,7.6
Kang Daniel,1,627.0,8.3
Kang Do Han,1,99999.0,6.8
Kang Eun Tak,6,21404.0,7.383333333333333
Kang Gi Doong,2,856.5,8.0
Kang Ha Neul,8,836.25,8.042857142857143
Kang Hae Lim,1,3714.0,
Kang Han Na,6,489.8333333333333,8.333333333333334
Kang Hong Suk,2,1266.0,8.3
Kang Hoon,2,1144.0,8.850000000000001
Kang Hye Jung,4,26454.75,7.9
Kang Hyun Joong,1,662.0,7.3
Kang In,1,99999.0,7.066666666666666
Kang In Duk,1,99999.0,7.6
Kang In Gi,1,99999.0,6.6
Kang Jae Sub,1,99999.0,7.1
Kang Ji Hwan,9,2477.6666666666665,7.544444444444443
Kang Ji Sub,4,10854.5,7.3
Kang Ji Woo,1,1860.0,8.2
Kang Ji Young,3,1634.6666666666667,7.333333333333333
Kang Ki Hwa,1,5068.0,7.2
Kang Ki Young,6,371.0,8.316666666666665
Kang Kyung Joon,4,8622.0,7.4
Kang Mal Geum,2,603.0,8.4
Kang Mi Na,4,984.25,7.675000000000001
Kang Min Hyuk,6,600.5,7.416666666666668
Kang Min Kyung,2,51435.0,7.199999999999999
Kang Moon Young,1,11764.0,8.0
Kang Nam Gil,2,3819.0,7.35
Kang Pil Sun,1,1641.0,6.8
Kang Rae Yeon,2,2075.5,7.55
Kang Samuel,2,7518.0,7.4
Kang Se Jung,4,30812.25,7.325000000000001
Kang Seo Joon,1,9306.0,7.6
Kang Seung Hyun,2,783.0,7.75
Kang Seung Yoon,4,1293.25,7.7
Kang Shin Chul,1,1281.0,7.9
Kang Shin Il,8,13913.125,7.9125
Kang Shin Jo,2,7432.0,7.4
Kang So Ra,8,710.625,7.700000000000001
Kang Sung Jin,3,37797.333333333336,7.166666666666667
Kang Sung Wook,1,1929.0,7.9
Kang Sung Yun,5,24664.8,7.26
Kang Ta,1,3850.733333333333,7.659999999999999
Kang Tae Joo,1,8847.0,7.4
Kang Tae Oh,9,2094.8888888888887,7.933333333333333
Kang Tae Sung,4,6326.75,7.25
Kang Ye Seo,1,99999.0,7.1
Kang Ye Sol,2,50560.5,7.55
Kang Ye Won,6,1793.3333333333333,8.066666666666666
Kang Yi Eun,1,4342.0,7.3
Kang Yi Suk,1,99999.0,6.6
Kang Yoo Seok,2,1799.0,8.3
Kang Young Seok,1,1550.0,8.0
Keum Dan Bi,1,5119.0,7.3
Key,2,579.5,8.0
Ki Do Hoon,2,727.5,7.75
Ki Eun Se,1,2107.0,6.5
Ki Hee Hyun,1,9188.0,6.9
Ki Joo Bong,1,6850.0,7.6
Ki Tae Young,5,7897.0,7.3999999999999995
Kil Hae Yeon,3,3193.6666666666665,7.733333333333333
Kim  Bo Mi,1,77.0,8.5
Kim  Gyu Chul,5,82113.2,7.58
Kim  Hae In,1,12935.0,7.3
Kim  Hak Chul,2,7144.5,7.65
Kim  Il Woo,1,99999.0,7.0
Kim  Joo Hyuk,5,6013.8,7.58
Kim  Jung Wook,2,4542.5,7.25
Kim  Ka Yeon,1,2667.0,7.3
Kim  Mi Kyung,6,592.3333333333334,8.066666666666665
Kim  Sang Ho,10,1237.3,7.933333333333334
Kim  Se Jung,2,5070.5,7.0
Kim  Yong Hee,2,8582.5,7.0
Kim Ah Joong,5,21036.8,7.840000000000001
Kim Bin Woo,3,38898.333333333336,7.133333333333333
Kim Bit Na Ri,1,2260.0,7.9
Kim Bo Mi,1,7473.0,7.25
Kim Bo Min,1,2510.0,7.4
Kim Bo Ra,3,1315.0,7.766666666666667
Kim Bo Sung,2,7683.0,7.25
Kim Bo Yun,2,3740.0,7.3
Kim Bum,11,1972.3636363636363,7.790909090909091
Kim Bup Rae,1,676.0,7.9
Kim Byung Chul,5,660.4,8.3
Kim Byung Chun,1,1010.0,7.6
Kim Byung Gi,3,35743.666666666664,7.533333333333334
Kim Byung Ok,3,1978.3333333333333,8.033333333333333
Kim Byung Se,2,50337.0,7.050000000000001
Kim C,1,17532.0,7.692857142857142
Kim Chan Woo,2,56040.0,7.35
Kim Chan Yi,1,110.0,8.8
Kim Chang Sook,1,99999.0,5.0
Kim Chang Wan,8,2607.625,8.125
Kim Chul Ki,1,7514.0,7.5
Kim Da Hyun,1,8386.0,7.1
Kim Da Mi,2,68.5,8.65
Kim Da Som,6,2636.5,7.583333333333332
Kim Dae Myung,3,346.3333333333333,8.7
Kim Dae Sung,1,99999.0,6.6
Kim Do Hoon,2,2547.5,8.0
Kim Do Hyun,2,694.5,8.5
Kim Do Wan,4,1096.0,7.949999999999999
Kim Do Yeon,2,2014.5,7.5
Kim Do Young,1,3015.0,7.1
Kim Dong Beom,1,2127.0,6.3
Kim Dong Hee,3,313.3333333333333,8.333333333333334
Kim Dong Hoon,1,99999.0,8.0
Kim Dong Hyun,4,25624.25,7.574999999999999
Kim Dong Jun,5,1233.2,7.660000000000001
Kim Dong Kyu,1,353.0,7.8
Kim Dong Seok,1,258.0,7.6
Kim Dong Soo,1,11607.0,7.5
Kim Dong Wan,2,8902.0,7.25
Kim Dong Wook,9,1979.5555555555557,8.1
Kim Dong Yoon,1,4211.0,7.6
Kim Duk Hyun,1,5105.0,7.3
Kim Eui Sung,7,903.4285714285714,8.183333333333334
Kim Eul Dong,1,11924.0,7.0
Kim Eun Jung,1,1159.0,7.1
Kim Eung Soo,8,27883.0,7.437499999999999
Kim Ga Eun,9,12967.0,7.7555555555555555
Kim Gab Soo,9,12084.666666666666,7.800000000000001
Kim Gi Bang,1,460.0,6.8
Kim Go Eun,5,370.4,8.225
Kim Gook Jin,1,99999.0,7.0
Kim Gun Woo,2,1457.0,8.100000000000001
Kim Gyeol Yu,1,695.0,8.2
Kim Gyu Ri,6,2950.0,7.466666666666668
Kim Gyu Seon,1,2504.0,6.9
Kim Gyung Shik,1,3725.0,6.9
Kim Ha Eun,2,53481.5,7.35
Kim Ha Kyun,5,20348.333333333332,7.516666666666666
Kim Ha Kyung,1,3197.0,7.7
Kim Ha Neul,11,4807.909090909091,7.572727272727271
Kim Hae Sook,15,16208.266666666666,7.793333333333334
Kim Hak Rae,1,10794.0,7.5
Kim Hee Ae,9,25582.0,7.8999999999999995
Kim Hee Chan,1,1087.5,7.6
Kim Hee Chang,1,41.0,7.4
Kim Hee Chul,2,3518.5,7.6
Kim Hee Jin,1,1147.0,8.0
Kim Hee Joon,2,52517.0,7.15
Kim Hee Jung,7,3142.4285714285716,7.642857142857143
Kim Hee Sun,12,10305.25,7.766666666666666
Kim Hee Won,5,1966.4,7.8
Kim Heung Ki,1,99999.0,8.0
Kim Heung Soo,3,4006.6666666666665,7.433333333333334
Kim Ho Chang,1,2285.0,7.1
Kim Ho Jin,3,41429.0,7.133333333333333
Kim Ho Jung,1,950.0,6.7
Kim Hong Pa,2,925.5,8.1
Kim Hwan Hee,7,2088.1428571428573,7.828571428571429
Kim Hyang Gi ,5,1882.8,7.975
Kim Hye Eun,2,3005.0,7.4
Kim Hye Ja,6,35497.333333333336,7.616666666666667
Kim Hye Ji,3,35756.333333333336,7.5
Kim Hye Joon,4,2072.0,8.200000000000001
Kim Hye Na,2,5619.0,7.300000000000001
Kim Hye Ok,4,3482.5,7.8
Kim Hye Ri,6,22706.0,7.616666666666666
Kim Hye Soo,4,25987.0,8.025
Kim Hye Sun,2,28656.5,7.699999999999999
Kim Hye Sung,2,1371.5,8.25
Kim Hye Yoon,3,315.0,8.266666666666667
Kim Hyo Jin,5,42921.2,7.4799999999999995
Kim Hyun Jin,2,4513.0,
Kim Hyun Joo,14,7936.9,7.5315789473684225
Kim Hyun Joon,4,1428.6666666666667,7.400000000000001
Kim Hyun Joong,2,617.0,7.4
Kim Hyun Soo,2,20815.2,7.979999999999999
Kim Hyun Sook,3,34359.333333333336,7.800000000000001
Kim Hyun Sung,1,10954.0,6.9
Kim Hyung Beom,3,39936.0,7.033333333333334
Kim Hyung Jun,3,35989.0,7.0
Kim Hyung Min,2,4487.0,7.25
Kim Hyung Mook,1,853.0,8.0
Kim Hyung Suk,1,1286.0,8.0
Kim Ian,1,1982.0,7.1
Kim In Kwon,4,2233.0,7.825
Kim In Tae,1,6626.0,6.6
Kim Ja Ok,1,99999.0,7.5
Kim Jae Bum,1,583.0,7.9
Kim Jae Chul,1,4045.0,7.4
Kim Jae Hwa,2,2410.0,7.699999999999999
Kim Jae Joong,5,1058.6,7.359999999999999
Kim Jae Kyung,4,906.0,8.05
Kim Jae Won,10,22024.7,7.43
Kim Jae Wook,6,311.8333333333333,8.200000000000001
Kim Jae Woon,1,6459.0,6.7
Kim Jae Young,6,1080.8333333333333,7.750000000000001
Kim Jee Soo,7,3464.8571428571427,7.771428571428571
Kim Jeong Hoon,2,1733.5,7.15
Kim Jeong Seok,1,866.0,7.3
Kim Jeong Tae,2,6537.5,7.300000000000001
Kim Ji Eun,3,2053.6666666666665,8.3
Kim Ji Ho,2,16445.85714285714,7.484615384615385
Kim Ji Hoon,12,10399.75,7.490909090909091
Kim Ji Hyun,1,537.0,8.1
Kim Ji Min,2,50162.0,7.55
Kim Ji Soo,9,1028.6666666666667,7.866666666666666
Kim Ji Suk,13,1841.3076923076924,7.8307692307692305
Kim Ji Sung,2,714.0,7.55
Kim Ji Won,11,498.90909090909093,8.136363636363635
Kim Ji Woo,1,1122.0,7.5
Kim Ji Young,8,27159.5,7.4625
Kim Ji Yun,1,99999.0,4.0
Kim Jin Hee,1,692.0,8.3
Kim Jin Kyung,2,877.5,7.7
Kim Jin Sung,1,3021.0,7.0
Kim Jin Woo,10,12808.0,7.390000000000001
Kim Jin Yeop,2,4421.0,7.3
Kim Jong Goo,4,5331.0,7.625
Kim Jong Hoon,1,791.0,7.5
Kim Jong Hyun,1,1082.0,7.9
Kim Jong Kook,1,224.0,7.6
Kim Jong Kyeol,1,99999.0,7.2
Kim Jong Soo,3,1291.3333333333333,7.8
Kim Jong Tae,1,849.0,8.3
Kim Joo Heon,4,423.25,7.8999999999999995
Kim Joo Hyun,3,3920.6666666666665,7.633333333333333
Kim Joo Ryoung,1,7868.0,
Kim Joo Yeon,1,2257.0,7.3
Kim Joo Young,6,37049.333333333336,7.666666666666667
Kim Joon,3,2930.625,7.6625
Kim Joon Han,2,740.5,8.15
Kim Joon Kyung,1,812.0,8.3
Kim Joon Sung,1,1023.0,7.7
Kim Joong Ki,1,4896.0,7.6
Kim Jun Kyu,1,2404.0,8.3
Kim Jung Eun,6,3800.0,7.566666666666666
Kim Jung Hwa,1,9192.0,6.9
Kim Jung Hyun,7,30336.285714285714,7.942857142857143
Kim Jung Kyoon,1,4884.0,6.7
Kim Jung Min,2,50471.5,7.95
Kim Jung Nan,4,1063.25,7.6
Kim Jung Young,1,2878.0,7.8
Kim Kang Hoon,1,505.0,8.8
Kim Kang Hyun,3,746.0,8.266666666666667
Kim Kang Min,1,635.0,8.0
Kim Kang Woo,9,3116.3333333333335,7.411111111111111
Kim Ki Bum,4,6826.5,6.8
Kim Ki Doo,2,2599.5,7.2
Kim Kwang Gyu,6,2686.6666666666665,7.8
Kim Kwon,2,686.0,8.350000000000001
Kim Kyul,1,374.0,8.4
Kim Kyung Jin,1,252.0,7.5
Kim Kyung Nam,7,1013.5714285714286,8.114285714285714
Kim Mi Ra,1,4669.0,7.1
Kim Mi Sook,6,18439.833333333332,7.716666666666668
Kim Min,1,8759.835443037975,7.6077922077922056
Kim Min Chul,1,2253.0,7.4
Kim Min Gue,6,569.3333333333334,7.933333333333333
Kim Min Gwi,1,103.0,7.5
Kim Min Ha,1,1055.0,8.4
Kim Min Hee,2,54191.0,6.6
Kim Min Jae,10,1022.3,7.890000000000001
Kim Min Jong,8,16884.75,7.4750000000000005
Kim Min Joon,12,4621.666666666667,7.183333333333334
Kim Min Ju,1,17994.615384615383,7.808333333333333
Kim Min Jung,12,19123.083333333332,7.808333333333333
Kim Min Ki,1,701.0,7.9
Kim Min Kyo,1,196.0,8.0
Kim Min Kyung,1,1023.0,7.7
Kim Min Sang,3,412.6666666666667,7.866666666666667
Kim Min Seo,6,1178.5384615384614,7.758333333333333
Kim Min Seok,7,1303.2857142857142,7.833333333333333
Kim Min Soo,6,21217.0,7.216666666666666
Kim Min Young,2,1584.0,7.05
Kim Moo Joon,1,561.0,8.4
Kim Moo Saeng,4,52269.25,8.475
Kim Mu Yeol,5,3362.0,7.949999999999999
Kim Myung Ji,1,12049.0,
Kim Myung Kook,1,99999.0,7.3
Kim Myung Min,8,15436.125,7.725
Kim Myung Soo,10,2352.4,7.739999999999999
Kim Na Hyun,1,934.0,7.1
Kim Na Woon,2,50749.0,7.800000000000001
Kim Na Yoon,1,3890.0,7.6
Kim Nam Gil,6,2652.0,8.08
Kim Nam Hee,5,1897.0,8.233333333333333
Kim Nam Joo,3,34500.333333333336,7.8
Kim Noh Jin,1,241.0,8.2
Kim Nu Ri,1,165.0,8.9
Kim Ok Bin,7,2816.4285714285716,7.666666666666667
Kim Rae Won,10,12555.6,7.455555555555555
Kim Ri Ah,1,1611.0,7.0
Kim Sa Kwon,1,5791.0,7.4
Kim Sa Rang,5,42792.8,7.5
Kim Sae Byeok,1,1952.0,7.5
Kim Sae Ron,6,1296.1666666666667,7.766666666666667
Kim San Ho,1,5791.0,7.4
Kim Sang Gyun,1,984.0,7.5
Kim Sang Joong,12,12460.416666666666,7.666666666666668
Kim Sang Kyung,7,16247.57142857143,7.9142857142857155
Kim Se Ah,2,53627.5,6.85
Kim Se Jeong,5,434.2,8.280000000000001
Kim Se Min,1,7221.0,7.1
Kim Seo Hyung,9,2252.8888888888887,7.988888888888888
Kim Seo Kyung,1,567.0,8.0
Kim Seo Ra,4,4977.0,7.1499999999999995
Kim Seok Wook,1,12281.0,7.4
Kim Seol Hyun,5,908.6,7.980000000000001
Kim Seon Ho,7,341.2857142857143,8.185714285714285
Kim Seul Gi,9,783.8888888888889,7.862499999999999
Kim Seung Hwan,1,10293.0,7.4
Kim Seung Pil,2,50490.0,7.05
Kim Seung Soo,10,25615.4,7.31
Kim Seung Woo,6,5046.0,7.3
Kim Shi Eun,2,2089.0,7.9
Kim Shi Hoo,1,215.0,7.6
Kim Shi Woo,1,6177.0,7.0
Kim Shi Woon,1,2107.0,6.5
Kim Shin Bi,1,3636.0,7.6
Kim Shin Rok,2,389.5,8.65
Kim So Eun,9,12326.111111111111,7.466666666666667
Kim So Hee,1,5549.0,7.4
Kim So Hye,2,1856.5,7.6
Kim So Hyun,11,556.2727272727273,7.818181818181818
Kim So Jin,1,1021.0,8.7
Kim So Ri,1,4388.0,7.5
Kim So Yeon,11,11634.727272727272,7.590909090909091
Kim Soo An,1,2192.0,8.0
Kim Soo Hyun,11,2323.181818181818,7.99090909090909
Kim Soo In,1,8655.0,7.4
Kim Soo Mi,2,53906.5,7.1
Kim Soo Ro,2,306.0,8.15
Kim Soo Yeon,2,4409.5,7.3
Kim Su Hyun,3,3199.3333333333335,7.666666666666667
Kim Suk Hoon,3,39504.0,6.8999999999999995
Kim Sun Ah,8,3027.5,7.814285714285715
Kim Sun Hwa,1,10333.0,7.4
Kim Sun Hyuk,3,256.6666666666667,8.2
Kim Sun Woong,2,2203.0,7.35
Kim Sun Young,2,986.5,7.949999999999999
Kim Sung  Je,1,3327.0,7.1
Kim Sung Cheol,3,1522.3333333333333,8.233333333333333
Kim Sung Eun,2,50878.5,7.85
Kim Sung Gyu,4,735.25,8.525
Kim Sung Hwan,1,2326.0,7.3
Kim Sung Joo,1,199.0,7.5
Kim Sung Kyum,1,99999.0,6.8
Kim Sung Kyun,5,2316.6666666666665,7.816666666666666
Kim Sung Kyung,1,9145.0,6.4
Kim Sung Min,5,25810.6,7.340000000000001
Kim Sung Oh,7,1698.0,7.557142857142857
Kim Sung Ryung,9,14141.222222222223,7.511111111111112
Kim Sung Soo,6,21209.833333333332,7.316666666666666
Kim Sung Won,1,99999.0,8.0
Kim Tae Hee,2,314.5,8.15
Kim Tae Hoon,10,2339.2,7.760000000000001
Kim Tae Hyun,1,1866.0,7.1
Kim Tae I,1,743.0,7.9
Kim Tae Ri,2,3321.5,8.9
Kim Tae Woo,14,2995.5714285714284,7.9
Kim Tae Yoon,1,1825.0,7.5
Kim Won Hae,13,706.5384615384615,8.100000000000001
Kim Won Joon,1,99999.0,6.3
Kim Won Ki,1,241.0,8.2
Kim Woo Bin,4,878.0,7.966666666666666
Kim Woo Seok,3,1910.6666666666667,8.350000000000001
Kim Ye Ji,1,3968.0,7.4
Kim Ye Ryung,3,70081.66666666667,7.333333333333333
Kim Ye Won,7,1593.2857142857142,7.714285714285715
Kim Yeo Jin,5,2629.0,8.14
Kim Yeong Cheol,9,14594.444444444445,7.966666666666665
Kim Yi Kyung,1,2315.0,8.0
Kim Yi Seo,1,695.0,8.2
Kim Yo Han,2,494.0,7.9
Kim Yong Gun,2,1817.5,7.8
Kim Yong Ji,2,1889.5,8.4
Kim Yong Min,1,7481.0,7.4
Kim Yong Rim,2,3961.0,7.05
Kim Yoo Bin,2,1781.0,7.9
Kim Yoo Jung,7,537.4285714285714,8.014285714285714
Kim Yoo Mi,5,1619.8,7.88
Kim Yoo Ri,6,836.8333333333334,7.866666666666667
Kim Yoo Suk,5,7634.8,7.359999999999999
Kim Yoon Hye,4,553.75,7.625
Kim Yoon Jin,1,4375.0,7.8
Kim Yoon Kyung,1,6126.0,7.4
Kim Yoon Seok,2,52376.0,7.199999999999999
Kim Yoon Sung,1,1953.0,7.6
Kim Yoon Tae,1,99999.0,6.6
Kim Yoon Woo,1,3664.0,
Kim Young Ae,4,50390.5,6.725
Kim Young Ah,1,2348.0,7.5
Kim Young Chan,1,7161.0,7.1
Kim Young Dae,4,1473.5,8.233333333333334
Kim Young Hee,1,1108.0,7.1
Kim Young Ho,1,2862.25,7.875
Kim Young Hoon,3,1621.3333333333333,7.933333333333333
Kim Young Jae,3,4433.0,7.233333333333334
Kim Young Kwang,15,1170.5333333333333,7.685714285714285
Kim Young Min,6,1216.6666666666667,8.166666666666666
Kim Young Ok,8,29364.25,7.3375
Kim Young Ran,3,38161.333333333336,7.266666666666667
Kim Yu Bin,1,3604.0,7.4
Kim Yun Joo,1,2699.0,7.8
Kim Yun Seo,6,3379.1666666666665,7.25
Kisum,1,1336.0,7.2
Ko Chan Bin,1,841.0,8.2
Ko Chang Seok,4,1135.75,8.233333333333333
Ko Dong Ha,1,1809.0,7.9
Koo Ja Sung,3,1435.6666666666667,7.233333333333333
Koo Kyo Hwan,2,837.0,8.15
Krystal Jung,8,566.75,8.012500000000001
Kwak Do Won,1,520.0,8.3
Kwak Dong Yeon,9,509.0,8.11111111111111
Kwak Hee Sung,4,4732.25,7.1499999999999995
Kwak Ji Min,2,9733.0,7.35
Kwak Jin,1,99999.0,7.3
Kwak Jung Wook,1,139.0,8.2
Kwak Min Seok,1,4465.0,6.0
Kwak Shi Yang,9,815.5555555555555,8.011111111111113
Kwak Sun Young,3,34022.666666666664,8.1
Kwon Ah Reum,1,3015.0,7.1
Kwon BoA,1,1113.0,7.9
Kwon Eun Bin,1,341.0,8.3
Kwon Hae Hyo,4,30103.5,7.1499999999999995
Kwon Hwa Woon,3,870.0,8.233333333333334
Kwon Hyuk Soo,1,2253.0,7.4
Kwon In Ha,1,215.0,7.6
Kwon Ki Sun,1,2127.0,6.3
Kwon Kyung Ha,1,99999.0,6.8
Kwon Na Ra,6,511.6666666666667,8.283333333333335
Kwon Oh Jung,4,52686.25,7.525
Kwon Oh Kyung,1,12049.0,
Kwon Sang Woo,10,3241.1,7.544444444444443
Kwon Soo Hyun,2,113.5,7.7
Kwon Tae Won,1,3448.0,7.5
Kwon Yong Woon,1,2853.0,7.7
Kwon Yool,9,2719.6666666666665,7.9375
Kwon Young Eun,1,701.0,7.9
Kwon Yu Ri,7,1482.4285714285713,7.557142857142856
Kyeon Mi Ri,2,99999.0,7.1
Kyung Joon,1,26897.4,7.38
Kyung Soo Jin,10,2613.9,7.779999999999999
Kyung Sung Hwan,1,4669.0,7.1
Le Hong Dang,1,8478.0,7.6
Lee  Ha Na ,7,3340.0,7.699999999999998
Lee  Han Wi,3,939.3333333333334,7.833333333333333
Lee  Jae Joon,2,3278.0,7.35
Lee  Jong Hyun,4,738.5,7.45
Lee  Joo Yeon,3,702.0,7.866666666666667
Lee  Seon Jin,1,99999.0,7.2
Lee  So Won,1,99999.0,7.4
Lee Ah Hyun,4,6753.75,7.450000000000001
Lee Ah Jin,1,6850.0,7.6
Lee Bo Hee,4,28431.25,7.050000000000001
Lee Bo Young,10,2215.5,7.840000000000001
Lee Bom So Ri,1,378.0,8.2
Lee Bong Ryun,1,69.0,8.8
Lee Bum Kyu,1,1411.0,7.3
Lee Bum Soo,8,2293.125,7.45
Lee Byung Hoon,1,99999.0,7.6
Lee Byung Hun,7,30599.85714285714,7.828571428571428
Lee Byung Jin,2,11174.5,6.9
Lee Byung Joon,2,2362.0,7.0
Lee Byung Wook,2,10865.5,7.5
Lee Chae Mi,2,50213.0,7.65
Lee Chae Young,6,5429.666666666667,7.483333333333334
Lee Chan,1,13605.818181818182,7.581818181818182
Lee Chan Yoo,1,1919.0,8.6
Lee Chang Hoon,5,22824.6,7.7
Lee Chang Wook,4,6343.5,7.4
Lee Cho Hee,2,1227.0,7.35
Lee Chul Min,1,514.0,7.8
Lee Chul Woo,1,2306.0,7.0
Lee Chun Hee,6,4270.166666666667,7.5
Lee Chung Ah,8,25984.75,7.6000000000000005
Lee Da Hae,7,2966.1428571428573,7.328571428571429
Lee Da Hee,11,3073.5454545454545,7.7666666666666675
Lee Da In,3,815.3333333333334,7.900000000000001
Lee Da Ni,1,7014.0,7.5
Lee Dae Keun,1,99999.0,4.0
Lee Dae Ro,1,99999.0,7.6
Lee Dae Yeon,5,3969.4,7.8
Lee Deok Hee,2,7441.5,7.45
Lee Deok Hwa,9,35063.666666666664,7.6625000000000005
Lee Do Hyun,4,291.25,8.5
Lee Do Yeon,1,571.0,7.9
Lee Dong Gun,12,2659.0,7.666666666666667
Lee Dong Ha,2,1919.3333333333333,7.5
Lee Dong Hae,1,559.0,7.2
Lee Dong Hoon,1,99999.0,6.9
Lee Dong Hwi,7,2172.5714285714284,8.16
Lee Dong Shin,1,2264.0,6.9
Lee Dong Wook,13,8257.615384615385,7.892307692307693
Lee Doo Il,2,8469.5,7.5
Lee El,7,1752.2142857142858,8.064285714285715
Lee Elijah,7,2876.0,7.771428571428572
Lee Eui Jung,4,53027.75,7.5
Lee Eun Hyung,2,5127.0,7.3
Lee Eun Joo,1,5742.0,7.3
Lee Eun Saem,2,4513.0,
Lee Eung Kyung,3,70977.66666666667,7.5
Lee Ga Ryeong,1,1676.0,6.9
Lee Ga Young,1,99999.0,6.5
Lee Gi Kwang,4,931.5,7.75
Lee Gi Young,2,51727.5,7.050000000000001
Lee Ha Nee,6,757.0,8.15
Lee Ha Rin,1,2366.0,8.2
Lee Ha Yul,1,10247.0,7.5
Lee Hae In,5,1563.2,7.659999999999999
Lee Hae Woo,3,37490.333333333336,7.466666666666666
Lee Hae Young,2,1738.0,7.85
Lee Hak Joo,4,1905.5,7.675
Lee Hang Na,1,598.0,8.4
Lee Hee Jin,1,299.0,8.1
Lee Hee Joon,6,1731.6666666666667,8.083333333333334
Lee Hee Won,2,302.5,7.75
Lee Ho Jae,3,68994.33333333333,8.933333333333332
Lee Hong Ki,5,20246.8,7.980000000000001
Lee Hong Nae,1,88.0,8.8
Lee Hoon,3,4619.666666666667,7.3
Lee Hwa Kyum,1,1394.0,7.9
Lee Hwa Ryong,1,98.0,8.0
Lee Hwi Hyang,9,6645.777777777777,7.166666666666667
Lee Hye Ran,1,1767.0,6.8
Lee Hye Ri,10,1964.3,7.93
Lee Hye Sook,2,51400.5,7.199999999999999
Lee Hye Young,3,3353.6666666666665,7.7
Lee Hye Young ,3,5105.666666666667,7.466666666666666
Lee Hyun Jae,1,171.0,8.1
Lee Hyun Jin,3,4126.0,7.533333333333334
Lee Hyun Kyung,4,30928.5,7.3
Lee Hyun Woo,6,1849.2,7.74
Lee Hyun Wook,4,781.75,8.174999999999999
Lee Hyung Chul,2,99999.0,7.4
Lee Il Hwa,7,4470.857142857143,7.214285714285714
Lee Il Min,2,99999.0,7.5
Lee In,2,11591.333333333334,7.333333333333333
Lee In Hye,1,10328.0,7.8
Lee Jae Eung,1,41.0,7.4
Lee Jae Hwang,6,24410.666666666668,7.366666666666667
Lee Jae In,1,1761.0,7.9
Lee Jae Jin,2,1880.0,7.5
Lee Jae Kyoon,2,862.0,7.85
Lee Jae Ryong,7,32841.857142857145,7.657142857142857
Lee Jae Won,4,1063.25,7.8999999999999995
Lee Jae Woo,2,1788.875,8.025
Lee Jae Wook,6,200.66666666666666,8.466666666666667
Lee Jae Yong,5,3901.2,7.6
Lee Jae Yoon,8,1821.875,7.8375
Lee Jang Woo,9,2595.6666666666665,7.355555555555556
Lee Je Hoon,7,634.8571428571429,8.057142857142857
Lee Jenny,2,56464.5,7.15
Lee Ji Ah,5,1534.4,7.94
Lee Ji Hoon,11,10729.272727272728,7.672727272727272
Lee Ji Hyun,1,663.0,8.1
Lee Ji Soo,1,4990.0,7.1
Lee Jin,3,3649.684210526316,7.494736842105263
Lee Jin Hyuk,2,451.0,8.149999999999999
Lee Jin Woo,1,3804.8571428571427,7.471428571428572
Lee Jin Wook,13,3173.6923076923076,7.5
Lee Jong Hyuk,10,11988.7,7.619999999999999
Lee Jong Park,1,662.0,7.3
Lee Jong Soo,2,56022.5,6.95
Lee Jong Suk,9,309.0,8.31111111111111
Lee Jong Won,10,13670.8,7.555555555555555
Lee Joo Bin,4,1800.0,8.166666666666666
Lee Joo Hyun,2,3098.25,7.375
Lee Joo Hyung,2,675.5,7.55
Lee Joo Seung,1,785.0,7.7
Lee Joo Woo,3,2582.0,7.900000000000001
Lee Joo Young,6,948.0,7.9333333333333345
Lee Joon,9,1961.8372093023256,7.948837209302325
Lee Joon Gi,11,1137.090909090909,7.990909090909091
Lee Joon Hyuk,18,2050.777777777778,8.027777777777779
Lee Joong Moon,3,8060.333333333333,7.133333333333333
Lee Joong Ok,2,354.0,8.45
Lee Jun Ho,6,610.6666666666666,8.45
Lee Jun Young,7,984.7142857142857,8.057142857142857
Lee Jung,1,13026.179487179486,7.802777777777779
Lee Jung Eun,7,428.7142857142857,8.528571428571428
Lee Jung Gil,10,34126.5,7.82
Lee Jung Ha,1,2780.0,
Lee Jung Hoon,2,54197.5,6.55
Lee Jung Hun,2,6399.5,7.0
Lee Jung Hyun,2,4040.5,7.1
Lee Jung Jae,4,3317.0,7.925
Lee Jung Jin,8,15813.75,7.2250000000000005
Lee Jung Shin,4,431.25,7.949999999999999
Lee Ka Eun,2,5541.0,7.550000000000001
Lee Kang Min,1,187.0,8.1
Lee Ki Hyuk,1,3933.0,7.2
Lee Ki Hyun,1,306.0,8.3
Lee Ki Seop,1,99999.0,
Lee Ki Woo,9,2671.1111111111113,7.955555555555557
Lee Kwan Hoon,1,9452.0,7.4
Lee Kwang Ki,1,5614.0,7.6
Lee Kwang Soo,5,783.4,8.1
Lee Kye In,1,11607.0,7.5
Lee Kyo Yeob,1,1599.0,8.1
Lee Kyu Han,7,4020.8571428571427,7.571428571428571
Lee Kyu Hyung,3,382.0,8.366666666666667
Lee Kyun,1,20243.81818181818,7.718181818181819
Lee Kyung Hoon,1,2877.0,8.1
Lee Kyung Jin,3,34311.0,7.5
Lee Kyung Young,6,17797.166666666668,7.816666666666666
Lee Mal Geum,1,10293.0,7.4
Lee Mi Do,2,4843.5,7.05
Lee Mi Sook,11,11850.636363636364,7.6
Lee Mi Yeon,2,9762.0,7.3
Lee Mi Young,2,4409.0,6.800000000000001
Lee Min Goo,1,2604.0,
Lee Min Ho,9,1322.2222222222222,8.025
Lee Min Hyuk,2,2689.0,7.5
Lee Min Ji,2,4502.0,7.449999999999999
Lee Min Jung,7,15136.57142857143,7.685714285714286
Lee Min Ki,8,1365.375,8.024999999999999
Lee Min Woo,8,32334.14285714286,7.728571428571429
Lee Min Young,3,6779.666666666667,7.366666666666667
Lee Moo Saeng,4,1656.5,7.975
Lee Moon Jung,2,3047.5,7.65
Lee Moon Shik,5,22054.2,7.8
Lee Moon Soo,1,1961.0,6.8
Lee Na Eun,2,428.5,8.2
Lee Na Yoon,1,6178.0,6.5
Lee Na Young,4,28519.0,7.375
Lee Pil Mo,7,3499.285714285714,7.757142857142857
Lee Ra Hye,1,6380.0,7.3
Lee Re,4,1200.75,7.675000000000001
Lee Ro Woon,1,140.0,8.3
Lee Ruby,1,841.0,8.2
Lee Sae Byul,1,3604.0,7.4
Lee Sae On,1,306.0,8.3
Lee Sang Ah,2,54190.5,7.4
Lee Sang Bo,1,4669.0,7.1
Lee Sang Hee,5,1085.6,8.18
Lee Sang Jun,1,695.0,8.2
Lee Sang Woo,15,4052.6,7.553333333333333
Lee Sang Yeob,10,2909.4,7.739999999999999
Lee Sang Yi,2,140.0,8.8
Lee Sang Yoon,13,2664.230769230769,7.676923076923076
Lee Se Chang,2,1503.0,7.65
Lee Se Eun,3,6873.0,7.133333333333333
Lee Se Hee,2,2664.5,7.3
Lee Se Na,2,8736.0,6.95
Lee Se Young,11,9784.181818181818,7.9
Lee Seo Jin,9,14130.555555555555,7.6625
Lee Seo Won,2,471.0,7.7
Lee Seo Yun,1,5350.0,7.4
Lee Seok Min,1,1825.0,7.5
Lee Seol,4,1818.6,8.180000000000001
Lee Seol Hee,1,2366.0,8.2
Lee Seul Ah,1,8334.0,7.0
Lee Seung Gi,7,449.2857142857143,8.383333333333333
Lee Seung Hyub,2,51201.0,8.05
Lee Seung Joo,2,12619.222222222223,7.722222222222222
Lee Seung Joon,7,15605.285714285714,7.714285714285714
Lee Seung Min,1,295.0,8.1
Lee Seung Yeon,4,3521.25,7.475
Lee Shi Ah,2,2284.5,7.699999999999999
Lee Shi Eun,1,99999.0,9.7
Lee Shi Kang,4,6613.75,7.625
Lee Shi Won,3,3989.6666666666665,7.633333333333333
Lee Shi Woo,1,2315.0,8.0
Lee Shin Young,3,648.6666666666666,8.4
Lee Si Eon,13,1493.0,7.958333333333332
Lee Si Young,10,1693.7,7.649999999999999
Lee So Jung,2,3788.0,7.45
Lee So Yeon,9,5826.0,7.199999999999999
Lee So Yul,1,9188.0,6.9
Lee Soo Hyuk,11,836.3636363636364,7.6909090909090905
Lee Soo Ji,1,385.0,7.9
Lee Soo Kyung,10,2870.6,7.780000000000001
Lee Soo Min,2,51076.0,7.35
Lee Soon Jae,11,21555.0,7.345454545454545
Lee Su Ji,1,4388.0,7.5
Lee Sun Bin,6,1113.8333333333333,7.933333333333334
Lee Sun Ho,2,8646.5,7.3
Lee Sun Kyun,9,2407.6666666666665,7.8999999999999995
Lee Sung Jae,10,1815.0,7.75
Lee Sung Kyung,7,665.5714285714286,8.0
Lee Sung Min,9,13005.666666666666,7.85
Lee Sung Wook,2,418.0,8.399999999999999
Lee Sung Yeol,2,1966.0,7.5
Lee Tae Gon,5,6498.0,7.419999999999999
Lee Tae Hwan,10,10765.0,7.859999999999999
Lee Tae Im,5,2503.0,7.4
Lee Tae Ran,7,32186.285714285714,7.757142857142857
Lee Tae Ri,3,987.3333333333334,7.8
Lee Tae Sun,2,1600.2857142857142,7.728571428571428
Lee Tae Sung,5,2062.0,7.6800000000000015
Lee Tae Vin,1,6459.0,6.7
Lee Wan,2,4798.5,7.0
Lee Won Jae,3,37586.333333333336,8.033333333333333
Lee Won Jong,10,11509.5,7.83
Lee Won Keun,6,1223.0,7.933333333333334
Lee Won Suk,1,8464.0,7.4
Lee Ye Bit,1,1075.0,7.7
Lee Ye Eun,2,3250.0,7.45
Lee Ye Hyun,1,1076.0,7.5
Lee Ye Rim,1,192.0,8.3
Lee Yeol Eum,7,1381.2857142857142,7.614285714285714
Lee Yeon Kyung,2,1498.5,7.5
Lee Yi Dam,1,3559.0,7.2
Lee Yi Kyung,7,898.4285714285714,8.014285714285714
Lee Yo Won,10,3682.7,7.610000000000001
Lee Yong Woo,2,3401.5,6.9
Lee Yoo Bi,7,612.2857142857143,8.042857142857143
Lee Yoo Jin,3,2478.0,7.800000000000001
Lee Yoo Joo,1,50035.5,8.45
Lee Yoo Joon,1,72.0,9.0
Lee Yoo Jung,1,6380.0,7.3
Lee Yoo Mi,2,4913.5,7.9
Lee Yoo Ri,11,3790.181818181818,7.6909090909090905
Lee Yoo Young,6,1155.0,8.066666666666666
Lee Yoon Ji,9,13837.666666666666,7.566666666666666
Lee Yoon Mi,1,99999.0,7.6
Lee Yoon Sung,1,99999.0,7.0
Lee Young Ae,6,67119.5,7.316666666666666
Lee Young Ah,7,32596.14285714286,7.514285714285713
Lee Young Eun,8,28797.0,7.425000000000001
Lee Young Hoo,1,6191.0,7.5
Lee Young Jin,3,4199.666666666667,7.566666666666666
Lee Young Yoo,2,7333.0,7.4
Lee Yun Hee,7,1309.4285714285713,7.714285714285714
Lito,1,2285.0,7.1
Lomon,2,310.5,8.15
Ma Dong Seok,3,372.3333333333333,8.366666666666667
Maeng Ho Rim,1,99999.0,6.8
Maeng Sang Hoon,1,10771.0,7.0
Marco,1,2253.0,7.4
Mashiho,1,2404.0,8.3
May Bee,1,6139.0,7.2
Maya,1,9365.0,7.5
Min Do Hee,6,855.6666666666666,7.95
Min Hoo,1,662.0,7.3
Min Hyo Gi,1,201.0,7.7
Min Ji Ah,1,1842.0,7.6
Min Ji Hyun,1,4049.0,7.8
Min Ji Young,2,99999.0,8.5
Min Ji Yul,1,632.0,7.9
Min Jin Woong,6,789.3333333333334,8.033333333333333
Min Joon Hyun,2,50907.5,6.65
Min Sung Wook,2,735.5,8.3
Min Woo Hyuk,1,707.0,6.8
Mina,1,743.0,7.9
Minnie,1,641.0,7.9
Moon  Ji Yoon,1,1641.0,6.8
Moon Bo Ryung,2,6623.0,7.3
Moon Byul,1,5549.0,7.4
Moon Chae Won,7,498.0,8.028571428571428
Moon Chang Gil,1,3933.0,7.2
Moon Cheon Shik,3,9735.0,7.133333333333333
Moon Ga Young,10,409.9,7.960000000000001
Moon Geun Young,5,3187.6,7.5
Moon Hee Kyung,3,4068.0,7.7
Moon Ji In,5,1870.4,7.6800000000000015
Moon Ji Young,1,99999.0,7.1
Moon Jung Hee,8,2917.25,7.8375
Moon Se Yun,1,442.0,7.8
Moon So Ri,3,1216.6666666666667,8.200000000000001
Moon Sook,1,2454.0,7.9
Moon Sung Geun,5,962.6,8.02
Moon Tae Yu,1,4096.0,
Moon Won Ju,1,2126.0,7.8
Moon You Kang,1,8010.0,
Myung Gye Nam,1,2403.0,7.3
Myung Ji Yun,1,7004.0,7.0
Myung Se Bin,3,35931.0,7.666666666666667
Na Eun Saem,1,812.0,8.3
Na Hae Ryung,4,3595.5,7.775
Na Hye Mi,3,5197.0,7.466666666666666
Na In Woo,5,1403.4,7.840000000000001
Na Moon Hee,5,2829.2,8.12
Na Young Hee,4,3800.25,7.675000000000001
Nakagoshi Noriko,1,8962.0,6.9
Nam  Da Reum ,4,1109.25,7.8999999999999995
Nam Bo Ra,3,5143.333333333333,7.166666666666667
Nam Gyu Ri,6,1860.1666666666667,8.32
Nam Ji Hyun,8,1246.75,8.128571428571428
Nam Joo Hyuk,9,432.8888888888889,7.944444444444445
Nam Jung Hee,1,4465.0,6.0
Nam Ki Ae,4,736.75,8.4
Nam Kyung Eup,2,4722.5,7.75
Nam Min Woo,1,966.0,7.8
Nam Moon Chul,3,2675.6666666666665,7.900000000000001
Nam Sang Ji,2,5860.0,7.8
Nam Sang Mi,6,3997.1666666666665,7.6000000000000005
Nam Sung Hoon,2,52597.5,7.35
Nam Sung Jin,2,7432.0,7.4
Nam Tae Hyun,1,3415.0,7.7
Nam Woo Hyun,1,188.0,7.6
Nam Yoon Jung,1,99999.0,7.0
Nam Yoon Su,3,434.0,8.333333333333334
Namkoong Min,15,1357.7333333333333,7.999999999999999
Nana,6,1466.8333333333333,7.8
Narsha,1,3126.0,6.7
New Sun,1,934.0,7.1
Nha Phuong,1,8478.0,7.6
Noh Haeng Ha,1,8478.0,7.6
Noh Hyun Hee,2,51426.0,5.85
Noh Jong Hyun,6,1574.0,8.219999999999999
Noh Joo Hyun,2,4702.5,7.3
Noh Kwang Shik,1,636.0,7.9
Noh Kyung Joo,1,2748.0,7.5
Noh Min Woo,3,1090.3333333333333,7.166666666666667
Noh Young Gook,1,5564.0,7.7
Noh Young Hak,3,33825.0,7.366666666666667
Ock Joo Hyun,1,2107.0,6.5
Oh  Gwang Rok ,1,754.0,7.8
Oh  Sang Jin ,2,2805.0,7.1
Oh  Seung Yun,2,53380.5,7.4
Oh Chae Yi,1,6542.0,7.3
Oh Chang Seok,6,3035.0,7.6000000000000005
Oh Dae Gyu,3,7377.0,7.433333333333333
Oh Dae Hwan,5,1370.8,8.24
Oh Dal Soo,1,2504.0,6.9
Oh Dong Min,1,2309.0,
Oh Eui Shik,1,247.0,8.5
Oh Hee Joon,1,1310.0,7.9
Oh Hyun Chul,1,99999.0,7.2
Oh Hyun Kyung,8,16396.375,7.5874999999999995
Oh Ji Eun,7,5448.714285714285,7.485714285714286
Oh Ji Ho,12,3538.1666666666665,7.583333333333335
Oh Joo Eun,2,7406.5,7.300000000000001
Oh Jung Se,15,1413.9333333333334,7.93076923076923
Oh Jung Yeon,1,10285.0,7.5
Oh Man Suk,7,2713.0,7.814285714285715
Oh Mi Hee,1,5909.0,7.4
Oh Mi Yun,3,36010.0,7.066666666666666
Oh Min Suk,7,2402.0,7.8999999999999995
Oh Na Ra,7,978.7142857142857,8.542857142857143
Oh Se Hun,2,651.5,7.85
Oh Seung Ah,3,8408.0,7.066666666666667
Oh Seung Hyun,1,8318.0,6.9
Oh So Hyun,1,267.0,8.4
Oh Won Bin,1,89.0,7.6
Oh Yeon Ah,1,1773.0,7.9
Oh Yeon Seo,9,1652.2222222222222,7.777777777777778
Oh Yeon Soo,5,1846.6,7.7
Oh Yoo Na,2,5667.5,7.35
Oh Yoon Ah,15,16806.133333333335,7.6071428571428585
Oh Young Shil,2,3443.5,7.55
Oh Young Soo,1,31.0,8.5
Oh Yu Jin,1,1075.0,7.7
Ohn Joo Wan,8,2323.625,7.574999999999999
Ok Go Woon,2,790.0,8.0
Ok Ja Yeon,2,582.5,8.5
Ok Taec Yeon,9,1535.5555555555557,8.0375
Ok Ye Rin,1,307.0,8.3
One,2,879.5,8.1
Ong Seong Wu,2,437.5,7.75
Otani Ryohei,3,9210.333333333334,7.099999999999999
P.O,3,723.6666666666666,7.7
Park  Dong Bin,1,8142.0,7.1
Park  Hyo Joo,5,1383.6,7.659999999999999
Park  Sang Min,5,23096.8,7.660000000000001
Park  Yoon Jae,6,6989.333333333333,7.133333333333334
Park Ah In,1,1443.0,7.9
Park Bo Gum,8,740.75,8.15
Park Bo Young,5,1015.8,8.0
Park Byung Eun,6,941.1666666666666,8.116666666666665
Park Chae Kyung,1,7814.0,7.4
Park Chan Hwan,2,56277.0,6.8
Park Chan Yeol,2,320.5,7.550000000000001
Park Chang Ik,1,7146.0,7.5
Park Chul Ho,1,7776.0,7.2
Park Chul Min,2,796.0,7.7
Park Da An,1,10954.0,6.9
Park Eun Bin,13,2081.230769230769,7.953846153846153
Park Eun Hye,4,7179.25,7.1000000000000005
Park Eun Ji,2,3132.0,7.6
Park Eun Seok,3,686.6666666666666,7.8999999999999995
Park Geun Hyung,5,4978.0,7.6000000000000005
Park Gri Na,1,99999.0,8.1
Park Gun Hyung,3,5568.666666666667,7.333333333333333
Park Gun Woo,1,773.0,8.1
Park Gyu Young,3,155.66666666666666,8.766666666666667
Park Ha Na,6,4658.0,7.383333333333333
Park Ha Sun,9,2093.3333333333335,7.844444444444445
Park Ha Young,1,99999.0,7.6
Park Hae Jin,12,504.9166666666667,8.033333333333333
Park Hae Joon,4,925.5,8.200000000000001
Park Hae Mi,3,34734.666666666664,7.466666666666666
Park Hae Soo,7,1837.2857142857142,8.133333333333333
Park Han Byul,5,22622.0,7.359999999999999
Park Han Sol,1,417.0,8.3
Park Hee Bon,5,22005.4,7.580000000000001
Park Hee Jin,1,10089.0,7.4
Park Hee Soon ,6,3498.0,8.059999999999999
Park Ho San,6,1249.1666666666667,8.183333333333332
Park Hoon,6,946.1666666666666,8.15
Park Hwan Hee,2,476.5,8.05
Park Hye Soo,4,619.75,8.125
Park Hye Won,1,12177.0,6.9
Park Hyo Jun,1,2606.0,7.4
Park Hyuk Kwon,7,2388.8571428571427,7.8999999999999995
Park Hyun Sook,1,99999.0,7.1
Park Hyun Young,1,99999.0,7.7
Park Hyung Joon,2,10707.5,7.35
Park Hyung Sik,7,309.85714285714283,8.22857142857143
Park In Hwan,9,35956.444444444445,7.455555555555555
Park Jae Chan,1,241.0,8.2
Park Jae Hoon,2,50387.5,7.1
Park Jae Jung,2,8641.5,7.0
Park Ji Bin,4,29313.0,7.366666666666667
Park Ji Hoo,2,1010.3333333333334,8.2
Park Ji Hoon,4,1099.0,8.15
Park Ji Hyun,4,353.75,8.325
Park Ji Il,2,2158.5,7.65
Park Ji Soo,1,407.0,7.3
Park Ji Yeon,8,1147.375,7.512500000000001
Park Ji Yoon,2,4634.5,7.550000000000001
Park Ji Young,11,10762.181818181818,8.01818181818182
Park Ji Yun,1,652.0,8.6
Park Jin Hee,11,13319.0,7.527272727272726
Park Jin Joo,3,33380.333333333336,7.833333333333335
Park Jin Sung,1,99999.0,6.6
Park Jin Woo,5,4187.4,7.15
Park Jin Young,4,333.0,8.375
Park Jong Hwan,1,132.0,8.7
Park Joo Hee,3,364.6666666666667,8.4
Park Joo Hyun,1,695.0,8.2
Park Joo Mi,4,2730.75,7.574999999999999
Park Joon Geum,4,3781.75,7.824999999999999
Park Joon Hyuk,1,5996.0,7.4
Park Joon Myun,1,3415.0,7.7
Park Joong Hoon,1,1395.0,7.8
Park Ju Hyun,6,1032.5,8.420000000000002
Park Jung Ah,2,8518.5,7.199999999999999
Park Jung Chul,3,7108.666666666667,7.433333333333334
Park Jung Min,3,545.6666666666666,7.533333333333332
Park Jung Soo,3,34626.333333333336,7.266666666666667
Park Jung Won,1,6080.0,7.4
Park Jung Woo,3,2135.0,7.85
Park Keun Rok,3,4938.666666666667,7.733333333333333
Park Ki Woong,7,1266.2857142857142,7.671428571428572
Park Kwang Hyun,3,8673.0,7.233333333333333
Park Kyu Sun,2,227.5,7.35
Park Kyung Hye,1,100.0,8.4
Park Kyung Rim,1,472.0,7.9
Park Mi Sun,1,11652.0,6.8
Park Min Ji,3,2025.6666666666667,7.033333333333334
Park Min Jung,1,412.0,8.3
Park Min Su,1,1860.0,8.2
Park Min Woo,2,1983.0,7.55
Park Min Young,12,786.6666666666666,7.824999999999999
Park Nam Hyun,1,99999.0,6.9
Park Sang Hoon,1,684.0,8.3
Park Sang Myun,4,53387.5,7.3999999999999995
Park Sang Won,6,21507.0,7.983333333333334
Park Se Jin,1,2235.0,7.7
Park Se Wan,5,1642.8,7.840000000000001
Park Se Young,10,2664.9,7.800000000000001
Park Seo Ham,1,241.0,8.2
Park Seo Joon,10,426.2,7.92
Park Seo Yeon,3,3104.3333333333335,7.633333333333333
Park Seon Im,2,1271.5,8.100000000000001
Park Seul Ki,2,10430.0,7.2
Park Shi Eun,3,39516.0,7.400000000000001
Park Shi Hoo,10,2163.8,7.56
Park Shi Yeon,6,17800.5,7.666666666666665
Park Shin Ah,1,3933.0,7.2
Park Shin Hye,7,91.42857142857143,7.9142857142857155
Park Shin Woon,1,258.0,7.6
Park Shin Yang,4,5048.5,7.4
Park So Dam,3,183.33333333333334,7.833333333333333
Park So Eun,2,51676.5,7.05
Park So Hee,1,1055.0,8.4
Park So Hyun,1,5990.0,6.8
Park So Jin,2,1926.5,7.75
Park So Yeon,1,1866.0,7.1
Park Sol Mi,6,19864.5,7.449999999999999
Park Soo Ae,8,3261.125,7.4875
Park Soo Hyun,1,12555.0,7.0
Park Soo Jin,1,1684.0,7.0
Park Soo Young,4,3119.75,7.475
Park Soon Ae,1,99999.0,7.9
Park Soon Chun,4,6320.25,7.4
Park Sun Ho,2,1552.5,7.449999999999999
Park Sun Young,5,4195.0,7.82
Park Sung Eun,1,4903.0,7.2
Park Sung Geun,5,1290.8,7.82
Park Sung Hoon,5,1175.0,7.919999999999999
Park Sung Joon,2,1220.5,7.65
Park Sung Woo,1,1808.4444444444443,7.844444444444445
Park Sung Woong,8,952.625,7.9
Park Tam Hee,3,38668.0,7.2
Park Won Sang,4,2096.5,7.65
Park Won Sook,12,44085.583333333336,7.508333333333334
Park Woong,1,99999.0,7.2
Park Ye Jin,6,4530.833333333333,7.466666666666666
Park Ye Young,1,1281.0,7.9
Park Yong Ha,1,4412.0,7.4
Park Yong Woo,2,1949.5,7.85
Park Yoo Chun,5,763.8,7.7
Park Yoo Na,2,327.5,8.3
Park Yoon Bae,1,99999.0,6.5
Park Yoon Young,1,1145.0,8.3
Park Young Gyu,7,32003.285714285714,7.285714285714286
Park Young Ji,2,51333.0,7.199999999999999
Park Young Rin,4,7447.5,6.925
Pierce Conran,1,808.0,7.2
Pyo Ye Jin,4,1249.5,8.175
Ra Mi Ran,7,1990.4285714285713,7.728571428571428
Rain,5,781.8,7.9
Ri Min,1,1173.0,7.3
Roh Jeong Eui,6,628.3333333333334,8.149999999999999
Rowoon,5,221.2,8.239999999999998
Ryeoun,3,615.6666666666666,8.433333333333334
Ryu Deok Hwan,5,1131.2,8.2
Ryu Eui Hyun,3,1831.0,7.766666666666667
Ryu Hwa Young,4,872.75,8.025
Ryu Hye Rin,2,2303.5,7.05
Ryu Hye Young,1,214.0,8.7
Ryu Hyun Kyung,9,15457.555555555555,7.6000000000000005
Ryu Jin,13,19723.46153846154,7.276923076923077
Ryu Joon Yeol,4,371.25,8.6
Ryu Jung Han,1,9948.0,7.4
Ryu Kyung Soo,4,1206.0,7.966666666666666
Ryu Sang Wook,1,11940.0,7.5
Ryu Seung Beom,1,99999.0,7.3
Ryu Seung Ryong,2,1445.0,8.8
Ryu Seung Soo,6,1486.8333333333333,7.783333333333334
Ryu Shi Won,3,7583.333333333333,7.166666666666667
Ryu Si Hyun,1,3126.0,6.7
Ryu Soo Jung,1,5549.0,7.4
Ryu Soo Young,11,2702.0,7.872727272727272
Ryu Sung Hoon,1,5119.0,7.3
Ryu Tae Joon,3,70382.0,7.166666666666667
Ryu Yeon Seok,1,4705.0,7.4
Sa Hee,2,4401.5,7.7
Sa Hyun Jin,1,494.0,8.0
Sa Mi Ja,3,70217.0,7.633333333333333
Samuel,1,5325.0,7.566666666666667
Sandara Park,2,1848.0,7.199999999999999
Sandeul,1,6594.0,7.0
Seo Bum June,1,1880.0,8.0
Seo Do Young,7,8724.57142857143,7.299999999999999
Seo Dong Hyun,1,10542.0,7.7
Seo Dong Won,2,99999.0,7.15
Seo Eun Ah,1,1105.0,7.9
Seo Eun Chae,3,2785.3333333333335,7.8999999999999995
Seo Eun Soo,7,903.0,8.114285714285714
Seo Eun Woo,1,2112.0,7.4
Seo Ha Joon,6,7399.166666666667,7.066666666666666
Seo Hae Won,1,8958.0,6.7
Seo Hee Seon,1,635.0,8.0
Seo Hye Rin,2,50572.0,8.15
Seo Hyo Rim,6,3358.0,7.416666666666667
Seo Hyun,4,12501.888888888889,7.8742857142857146
Seo Hyun Chul,3,715.6666666666666,7.866666666666666
Seo Hyun Jin,13,1583.6923076923076,7.953846153846154
Seo Hyun Woo,2,50019.5,9.1
Seo In Guk,11,377.0,8.18181818181818
Seo In Seok,4,54920.5,7.324999999999999
Seo In Young,1,562.0,7.9
Seo Jae Kyung,1,3379.0,7.1
Seo Ji Hoon,6,1425.6666666666667,7.58
Seo Ji Hye,14,10051.142857142857,7.814285714285714
Seo Ji Suk,4,4534.75,6.949999999999999
Seo Ji Young,2,790.0,8.0
Seo Joo Hee,1,548.0,7.5
Seo Joon Young,4,3082.75,7.5
Seo Jung Yeon,3,612.3333333333334,8.3
Seo Kang Joon,10,898.4,7.644444444444444
Seo Kyung Suk,1,99999.0,10.0
Seo Seung Hyun,1,8219.0,7.4
Seo Shin Ae,2,2058.5,8.0
Seo Tae Hwa,1,473.0,7.5
Seo Woo,3,15704.0,7.637499999999999
Seo Woo Jin,3,1106.0,7.8
Seo Woo Rim,2,53876.5,7.65
Seo Yea Ji,9,742.1111111111111,8.033333333333333
Seo Yi Ahn,2,3334.0,7.15
Seo Yi Sook,1,5990.0,6.8
Seo Yoo Jung,4,29502.5,7.3999999999999995
Seo Yoon Ah,1,10247.0,7.5
Seo Young,2,1583.3333333333333,7.549999999999999
Seo Young Hee,2,2378.0,7.3
Seo Young Joo,3,1922.0,8.149999999999999
Seol In Ah,6,1269.3333333333333,8.233333333333334
Seol Jung Hwan,1,7014.0,7.5
Seulgi,1,5549.0,7.4
Seungri,1,3246.0,7.2
Shim Chang Min,2,915.0,7.5
Shim Eun Ha,2,99999.0,7.65
Shim Eun Kyung,2,2200.0,7.65
Shim Eun Woo,2,3222.0,7.5
Shim Hee Sub,2,1283.0,8.25
Shim Hye Jin,10,14854.4,7.470000000000001
Shim Hyung Tak,12,12146.5,7.508333333333334
Shim Ji Ho,6,6659.833333333333,7.233333333333333
Shim Yang Hong,1,99999.0,7.7
Shim Yi Young,4,29716.0,7.7
Shin  Won Ho,2,132.5,7.7
Shin Ae,2,23791.4,7.5200000000000005
Shin Ae Ra,1,12307.0,6.9
Shin Bi,1,4128.0,7.25
Shin Bo Ra,1,8847.0,7.4
Shin Da Eun,5,8793.4,7.38
Shin Do Hyun,3,2803.6666666666665,7.966666666666666
Shin Dong,1,3395.5833333333335,7.449999999999999
Shin Dong Mi,6,3073.6666666666665,7.716666666666668
Shin Dong Wook,5,3156.2,7.24
Shin Eun Jung,4,4668.25,7.6000000000000005
Shin Eun Kyung,9,36125.0,7.633333333333334
Shin Eun Soo,2,1644.5,7.7
Shin Go Eun,1,3648.0,7.4
Shin Goo,6,38535.333333333336,7.860000000000001
Shin Ha Kyun,7,1810.2857142857142,7.8428571428571425
Shin Hye Sun,9,375.3333333333333,8.38888888888889
Shin Hyun Bin,9,1347.0,7.9750000000000005
Shin Hyun Joon,4,2537.5,7.575
Shin Hyun Seung,2,50320.0,7.9
Shin Hyun Soo,5,1135.6,7.9
Shin Hyun Tak,1,4366.0,7.0
Shin Jae Ha,4,2818.75,8.05
Shin Ji Soo,2,435.5,7.2
Shin Joo Ah,1,11940.0,7.5
Shin Joo Hwan,1,2679.0,8.3
Shin Jung Keun,3,263.3333333333333,8.1
Shin Jung Yoon,3,7274.333333333333,7.133333333333333
Shin Ki Joon,1,7258.0,7.2
Shin Min Ah,6,456.3333333333333,8.283333333333333
Shin Rin Ah,2,5041.5,7.75
Shin Se Hwi,1,817.0,8.2
Shin Se Kyung,10,560.2,7.58
Shin Seo Hyun,1,99999.0,7.1
Shin Seung Ho,4,557.75,8.5
Shin Seung Hwan,3,802.3333333333334,7.166666666666667
Shin So Mi,1,99999.0,7.0
Shin So Yool,6,1670.5,8.116666666666667
Shin Soo Hang,1,1733.0,7.7
Shin Soo Ho,2,848.0,7.8999999999999995
Shin Soo Yun,1,2466.0,7.0
Shin Sung Min,1,869.0,7.8
Shin Sung Rok,16,7705.3125,7.887499999999999
Shin Sung Woo,5,4557.8,7.539999999999999
Shin Won Ho,1,1147.0,8.0
Shin Woo Hee,1,6080.0,7.4
Shin Ye Eun,2,323.0,7.9
Shin Yoon Joo,1,5806.0,7.4
Sim Hyun Seo,1,1919.0,8.6
So Hee Jung,1,587.0,8.1
So Ji Sub,11,2144.181818181818,7.872727272727272
So Ju Yeon,2,288.0,7.9
So Yi Hyun,11,13020.181818181818,7.4
So Yoo Jin,5,7001.0,7.659999999999999
Sol Bin,3,865.0,7.733333333333334
Solar,1,1106.0,7.4
Son Byung Ho,5,4026.2,7.659999999999999
Son Chang Min,9,15538.444444444445,7.5
Son Dam Bi,4,4466.5,7.625
Son Eun Seo,3,3344.0,7.666666666666667
Son Ga Young,1,4738.0,7.6
Son Ho Jun,6,2203.3333333333335,7.76
Son Hwa Ryung,3,2487.6666666666665,7.3999999999999995
Son Hyun Joo,12,12225.833333333334,7.608333333333333
Son Hyun Woo,1,3015.0,7.1
Son Ji Chang,2,99999.0,6.75
Son Ji Hyun,2,1349.0,7.65
Son Jin Young,2,55536.5,7.0
Son Jong Hak,5,735.2,8.419999999999998
Son Na Eun,4,380.5,8.125
Son Sang Yeon,1,505.0,8.8
Son Se Bin,1,3246.0,7.2
Son Seok Koo,6,2053.1666666666665,8.540000000000001
Son Seung Won,1,104.0,8.6
Son Sung Yoon,3,35646.0,7.566666666666666
Son Tae Young,4,9739.75,7.3
Son Ye Jin,8,2874.625,7.7375
Son Yeo Eun,3,3728.0,7.7
Song  Ha Yoon,7,15942.857142857143,7.616666666666667
Song  Jae Hee,4,28746.75,7.25
Song Chang Eui,9,4292.666666666667,7.322222222222223
Song Deok Ho,1,378.0,8.2
Song Geon Hee,1,1027.0,8.6
Song Han Hee,1,866.0,7.3
Song Hye Kyo,8,14888.25,7.675
Song Il Gook,4,5463.75,7.3500000000000005
Song Jae Ho,3,67659.33333333333,7.533333333333334
Song Jae Rim,9,1821.2222222222222,7.3999999999999995
Song Jae Ryong,1,18.0,8.4
Song Ji Eun,4,3674.0,7.375
Song Ji Hyo,8,1467.625,7.625
Song Ji Hyuk,1,1684.0,7.0
Song Ji In,1,3509.0,7.6
Song Ji Oh,1,241.0,8.2
Song Jin Woo,1,2257.0,7.3
Song Jong Ho,7,1744.5714285714287,7.571428571428571
Song Joong Ki,5,437.2,8.625
Song Kang,6,167.66666666666666,8.0
Song Ki Yoon,1,99999.0,6.8
Song Min Jung,1,9145.0,6.4
Song Ok Sook,4,50443.0,7.75
Song Sae Byuk,2,647.0,8.2
Song Sang Eun,1,1075.0,7.7
Song Seo Yeon,1,208.0,7.5
Song Seung Heon,11,11045.545454545454,7.62
Song Seung Hwan,1,200.0,8.4
Song Soo Hyun,1,939.0,7.9
Song Sun Mi,6,21940.333333333332,7.3500000000000005
Song Won Geun,1,8406.0,7.4
Song Won Seok,4,4751.25,7.624999999999999
Song Yi Woo,2,55963.5,7.6
Song Yoo Hyun,1,3744.0,7.4
Song Yoo Jung,1,10019.0,7.2
Song Yoon Ah,10,13621.5,7.58
Song Young Kyu,3,2274.6666666666665,7.266666666666667
Stephanie Lee,5,1542.4,7.42
Steven Noh,1,5949.0,
Suho,4,859.0,7.55
Sulli,1,87.0,7.6
Sun Joo Ah,1,1611.0,7.0
Sun Woo Eun Sook,5,63450.2,7.1
Sun Woo Jae Duk,3,4135.0,6.866666666666667
Sun Woo Sun,1,1954.0,7.5
Sun Woo Yong Nyeo,3,67883.66666666667,6.566666666666666
Sung Byung Sook,1,1076.0,7.5
Sung Chang Hoon,1,99999.0,7.9
Sung Dong Il,14,922.0714285714286,8.315384615384614
Sung Ha,1,1257.4,7.76
Sung Hoon,12,7043.5,7.554999999999998
Sung Hyuk,4,2959.5,7.7
Sung Hyun Ah,3,68605.66666666667,7.3999999999999995
Sung Ji Ru,3,1986.3333333333333,8.033333333333333
Sung Joon,11,824.2307692307693,7.608333333333333
Sung Ki Yoon,1,99999.0,6.5
Sung Yoo Ri,4,2735.75,7.125
Tae Hang Ho,1,576.0,8.2
Tae Hyun Shil,1,99999.0,
Tae In Ho,6,727.8333333333334,7.916666666666667
Tae Won Seok,2,612.0,7.95
Tang Jun Sang,2,308.0,9.0
Terada Takuya,1,418.0,7.9
Teramoto Yukika,1,4388.0,7.5
Terris Brown,1,641.0,7.9
U-Know,4,1290.5,7.425000000000001
Uee,12,1324.25,7.658333333333332
Uhm Do Hyun,1,99999.0,7.6
Uhm Hyo Sub,6,1440.3333333333333,8.049999999999999
Uhm Hyun Kyung,8,3655.0,7.525
Uhm Ji Sung,1,1729.0,7.9
Uhm Ji Won,7,3225.0,7.6499999999999995
Uhm Jung Hwa,3,2028.3333333333333,7.833333333333333
Uhm Ki Joon,12,2344.0,7.79090909090909
Uhm Soo Jung,1,737.0,7.3
Uhm Tae Goo,2,2023.0,7.75
Uhm Tae Woong,6,2832.0,7.366666666666667
Uhm Yoo Shin,2,52674.5,7.300000000000001
Wang Bit Na,7,32686.428571428572,7.371428571428571
Wang Ji Hye,9,2794.3333333333335,7.477777777777778
Wang Ji Won,4,570.5,8.0
Wang Seok Hyun,1,4211.0,7.6
Wi Ha Joon,7,1156.7142857142858,8.379999999999999
Won Geun Hee,1,99999.0,7.9
Won Hyun Joon,1,711.0,8.1
Won Ji An,1,1181.0,8.2
Won Jin Ah,5,299.0,8.0
Won Jong Rye,1,208.0,7.5
Won Ki Joon,1,99999.0,6.6
Won Mi Kyung,4,27204.0,7.925000000000001
Woo Da Vi,3,567.0,8.066666666666666
Woo Do Hwan,5,216.4,8.24
Woo Hee Jin,5,23199.4,7.9799999999999995
Woo Hyun,2,618.6666666666666,7.599999999999999
Woo Ji Hyun,1,185.0,8.8
Woo Jung Kook,1,636.0,7.9
Woo Sang Jun,1,6594.0,7.0
Xiumin,1,1273.0,7.1
Yang  Jin Sung,3,3298.3333333333335,7.433333333333333
Yang  Mi Kyung,3,7947.666666666667,7.233333333333334
Yang Byeong Yeol,2,5860.0,7.8
Yang Dae Hyuk,1,1814.0,7.0
Yang Dong Geun,7,4500.857142857143,7.4
Yang Eun Yong,1,6517.0,7.4
Yang Geum Suk,2,6297.5,7.25
Yang Hak Jin,2,1135.0,7.15
Yang Hee Kyung,2,4097.5,7.85
Yang Hong Seok,1,695.0,8.2
Yang Hye Ji,2,2159.3333333333335,7.433333333333333
Yang Hye Jin,1,5819.0,6.6
Yang Ik Jun,3,639.3333333333334,7.833333333333333
Yang Jin Woo,2,3533.0,7.05
Yang Jung Ah,2,3209.5,7.6
Yang Jung Won,2,99999.0,8.05
Yang Kyung Won,2,248.0,8.85
Yang Mi Ra,2,53592.0,7.300000000000001
Yang Se Jong,6,587.0,8.25
Yang Seo Hyun,1,306.0,8.3
Ye Ji Won,9,1396.6666666666667,7.999999999999998
Ye Soo Jung,4,2679.0,7.924999999999999
Ye Sung,2,1819.5,8.15
Yeo Hoe Hyun,4,1574.5,8.0
Yeo Hyun Soo,2,99999.0,7.1
Yeo Jin Goo,13,581.6923076923077,8.015384615384615
Yeo Woon,1,53785.5,7.025
Yeo Woon Kye,3,70768.33333333333,7.033333333333334
Yeom Dong Hun,3,37013.333333333336,7.5
Yeom Hye Ran,2,107.0,8.65
Yeom Ji Yoon,1,3124.0,7.9
Yeom Jung Ah,8,51764.625,7.225
Yeon Je Wook,1,1821.0,7.6
Yeon Jung Hoon,10,3308.7,7.722222222222222
Yeon Min Ji,2,3709.0,7.550000000000001
Yeon Song Ha,1,662.0,7.3
Yeon Woo Jin,14,1022.7142857142857,7.757142857142858
Yeonwoo,4,1497.5,8.2
Yeri,1,695.0,8.2
Yong Jun Hyung,2,1584.0,7.05
Yoo  Joon Sang,12,18217.916666666668,7.916666666666667
Yoo  Sun,12,3216.1666666666665,7.491666666666667
Yoo Ah In,5,540.8,7.74
Yoo Byung Jae,1,3246.0,7.2
Yoo Chae Young,1,1049.0,5.8
Yoo Da In,4,3147.5,7.75
Yoo Dong Geun,10,33689.5,8.06
Yoo Eun Mi,1,809.0,7.3
Yoo Geon,3,5327.0,7.066666666666666
Yoo Ha Joon,1,3354.0,7.8
Yoo Ha Na,1,5375.0,7.6
Yoo Hae Jung,1,9939.0,7.3
Yoo Ho Jung,3,37005.0,7.266666666666667
Yoo Ho Rin,1,10019.0,7.2
Yoo Hye Ri,2,2120.5,7.5
Yoo Hyun Joo,1,3754.0,7.6
Yoo In Chon,1,99999.0,6.6
Yoo In Na,10,303.9,8.209999999999999
Yoo In Soo,1,149.0,8.4
Yoo In Young,9,2779.4444444444443,7.677777777777779
Yoo Jae Myung,9,12829.0,8.077777777777778
Yoo Ji In,3,69334.66666666667,6.8999999999999995
Yoo Ji Tae,6,1026.3333333333333,8.216666666666667
Yoo Ji Yeon,1,944.0,8.5
Yoo Joo Hee,1,7954.0,7.3
Yoo Jun,1,9271.533333333333,7.720000000000001
Yoo Min Kyu,3,809.3333333333334,8.0
Yoo Oh Sung,6,1282.5,7.766666666666667
Yoo Sang Jae,1,5614.0,7.6
Yoo Seo Jin,5,25499.6,7.540000000000001
Yoo Seung Ho,11,10698.818181818182,7.863636363636363
Yoo Seung Mok,2,2250.0,7.95
Yoo Seung Yong,1,99999.0,7.2
Yoo So Young,1,559.0,7.2
Yoo Sun Ho,2,1208.0,7.9
Yoo Sung Joo,1,2192.0,8.0
Yoo Tae Woong,3,69982.0,6.466666666666666
Yoo Teo,3,3075.0,7.6
Yoo Yeon Seok,7,768.7142857142857,8.433333333333334
Yoo Young Jae,1,9286.0,7.4
Yoo Yun Ji,1,11924.0,7.0
YooA,1,5549.0,7.4
Yook Mi Ra,1,1816.0,6.7
Yook Sung Jae,6,1003.3333333333334,8.239999999999998
Yoon  Ji Hye,5,1427.8,8.16
Yoon  Se In,1,2802.0,7.3
Yoon Ah Jung,4,28171.0,7.525
Yoon Bo Mi,1,966.0,7.8
Yoon Bok In,4,2886.75,7.6
Yoon Bora,1,442.0,7.8
Yoon Byung Hee,1,412.0,8.3
Yoon Chae Yi,1,7344.0,6.7
Yoon Chan Young,2,1573.5,8.25
Yoon Da Hoon,5,25048.8,7.4799999999999995
Yoon Da Kyung,1,1580.0,7.2
Yoon Da Young,3,7315.666666666667,7.433333333333333
Yoon Doo Joon,4,883.5,7.775
Yoon Eun Hye,5,606.2,7.44
Yoon Gi Won,1,3476.0,6.7
Yoon Gyung Ho,6,1181.0,8.249999999999998
Yoon Hae Young,4,27001.25,7.0249999999999995
Yoon Hee Seok,6,22630.5,7.283333333333332
Yoon Hyun Min,10,1150.8,7.799999999999999
Yoon Jae Hyuk,1,2404.0,8.3
Yoon Je Moon,3,3029.6666666666665,7.766666666666667
Yoon Ji Min,2,8913.5,7.199999999999999
Yoon Ji Sung,1,1082.0,7.9
Yoon Ji Yoo,1,99999.0,7.9
Yoon Jin Seo,4,2124.25,7.6000000000000005
Yoon Jin Sol,2,664.0,8.0
Yoon Jin Yi,2,1738.5,7.6
Yoon Jong Hoon,5,2925.6,7.860000000000001
Yoon Jong Hwa,2,2383.5,7.65
Yoon Jong Seok,2,844.0,8.2
Yoon Joo Hee,3,4142.666666666667,7.666666666666667
Yoon Joo Man,1,1608.0,7.5
Yoon Joo Sang,7,1341.0,7.814285714285715
Yoon Jung Eun,1,1967.0,7.5
Yoon Jung Hee,6,39326.166666666664,7.266666666666667
Yoon Kye Sang,7,1341.142857142857,8.0
Yoon Kyun Sang,8,985.5,7.9750000000000005
Yoon Mi Ra,2,9873.5,7.25
Yoon Na Moo,2,1284.5,7.2
Yoon Park,15,1489.0,7.826666666666666
Yoon Sang Hoon,1,559.0,7.2
Yoon Sang Hyun,9,2134.8888888888887,7.633333333333334
Yoon Se Ah,11,10682.363636363636,7.872727272727274
Yoon Seo Hyun,1,99999.0,7.3
Yoon Seok Hwa,1,655.0,7.9
Yoon Seung Ah,2,588.5,7.550000000000001
Yoon Shi Yoon,11,896.8181818181819,7.8999999999999995
Yoon So Hee,9,853.6666666666666,7.866666666666666
Yoon So Yi,9,4371.333333333333,7.477777777777778
Yoon Son Ha,5,61962.6,7.5200000000000005
Yoon Sun Woo,4,26686.75,7.925000000000001
Yoon Tae Young,2,1302.0,7.3
Yoon Yoo Sun,6,19228.333333333332,7.833333333333333
Yoshi,1,2404.0,8.3
Youn Yuh Jung,8,13890.625,7.824999999999999
Yu Bee,1,1773.0,7.9
Yun  Joon Suk,1,1108.0,7.1
Yun Ji On,2,215.0,8.65
Yun Kyu Jin,1,99999.0,7.0
Yun Woon Kyung,1,851.0,6.6
Yura,3,247.66666666666666,7.666666666666667
Z Hera,1,2306.0,7.0
Z.flat,1,6459.0,6.7
Zo In Sung,5,3550.8,7.675
a.mond,2,1900.0,7.4
