tag,score,Popularity,review,sum
,7.698950766747372,10206.134585289516,7034.28813559322,85
"""alzheimer's disease""",7.859999999999999,2644.6,1237.2,5
"""best friends' relationship """,7.5,1882.0,2544.5,2
"""best friends' relationship""",7.766666666666667,2165.3846153846152,5703.583333333333,13
"""brothers' relationship""",7.574999999999999,9012.0625,1254.4375,16
"""childhood friends' relationship """,7.640000000000001,1224.6,9973.8,5
"""childhood friends' relationship""",7.532432432432435,2364.7297297297296,3044.5945945945946,37
"""classmates' relationship""",8.05,1249.0,11612.0,2
"""co-workers' relationship""",7.757142857142857,1653.5714285714287,2288.285714285714,7
"""coup d'etat""",7.65,9424.0,88.0,2
"""emperor's physician""",7.9,9959.0,143.0,1
"""girls' generation (snsd)""",,,,1
"""half-brothers' relationship""",8.3,1225.0,3306.0,1
"""half-sisters' relationship""",8.3,1225.0,3306.0,1
"""housemates' relationship """,7.9,1082.0,2908.0,1
"""housemates' relationship""",7.557142857142857,15283.57142857143,5255.714285714285,7
"""neighbors' relationship """,7.5,3257.0,451.0,1
"""neighbors' relationship""",7.7428571428571455,1693.142857142857,7406.857142857143,14
"""roommates' relationship """,7.8,316.0,11137.0,1
"""roommates' relationship""",7.44,1008.8,9514.8,5
"""school friends' relationship """,6.9,9188.0,115.0,1
"""school friends' relationship""",7.3,3177.0,1063.0,1
"""sisters' relationship """,7.7,3197.0,912.0,1
"""sisters' relationship""",7.32142857142857,10920.733333333334,1050.142857142857,15
"""stepbrothers' relationship""",7.6,3552.0,638.0,1
"""stepsisters' relationship """,8.3,1225.0,3306.0,1
"""stepsisters' relationship""",7.550000000000001,5647.5,1032.5,2
"""unhealthy mains' relationship""",7.433333333333334,36199.5,551.0,6
1930s,7.6,2726.0,1275.0,1
1960s,7.300000000000001,11942.5,39.0,2
1970s,7.733333333333334,38394.0,569.5,6
1980s,8.200000000000001,2973.3333333333335,6506.5,6
1990s,8.080000000000002,2731.8,11057.4,5
2000s,8.7,1021.0,3634.0,1
ableism,8.3,181.0,17804.0,1
absent father,7.3,2403.0,1443.0,1
abuse of power,8.4,1055.0,3016.0,1
abusive husband,8.5,763.0,5092.0,1
abusive in laws,7.05,3021.5,1094.5,2
abusive parents,8.049999999999999,1029.0,5273.0,2
abusive parents ,7.9,1245.0,3938.5,2
academic achievement,7.8,5060.0,322.0,1
accident,7.582352941176469,8950.263157894737,2650.764705882353,5
action,8.244444444444444,987.1111111111111,16723.0,1
actor male lead,7.733333333333334,1779.0,7431.333333333333,4
actor/actress supporting character,7.9,5439.0,7629.5,2
actress female lead,7.17,12742.8,2193.0,9
acupuncture,8.3,436.0,10082.0,1
adapted from  short story ,7.5,1850.0,1372.0,1
adapted from a manga,7.710000000000001,1440.5,18140.7,9
adapted from a manga ,8.2,936.0,1157.0,1
adapted from a manhwa,7.554545454545454,10582.166666666666,3914.2727272727275,9
adapted from a manhwa ,7.233333333333334,36067.0,3064.3333333333335,3
adapted from a novel,7.84074074074074,5853.0,6382.888888888889,21
adapted from a novel ,7.800000000000001,18198.833333333332,3519.1666666666665,6
adapted from a web novel,7.725,1427.8,2721.25,5
adapted from a webtoon,7.972222222222223,1349.360655737705,15120.37037037037,56
adapted from a webtoon ,7.7,4679.2,306.0,5
adapted from video game,7.5,4388.0,438.0,1
adolescence,8.0,1297.5,2822.0,2
adopted female lead,7.6,2684.0,1014.0,1
adopted male lead,7.9,3325.0,2691.0,4
adopted siblings love,8.4,14.0,56404.0,1
adopted supporting character,8.0,1880.0,684.0,1
adoption,7.483333333333333,4110.333333333333,1687.1666666666667,6
adult romance,8.059999999999999,389.4,17575.2,5
adult-minor relationship,7.5,2062.0,5248.5,1
adult-minor relationship ,7.7,373.0,9891.0,1
adventure,8.3,2679.0,741.0,1
advertisement,6.95,1261.0,10057.0,2
advertising,6.9,2735.0,1322.0,1
afterlife,8.75,163.0,19058.5,2
age gap [drama life],,,,28
age gap [drama life] ,,,,7
age gap [real life],,,,26
age gap [real life] ,,,,5
agent male lead ,8.3,578.0,8315.5,1
aggressive female lead,8.2,730.0,5295.0,1
aggressive male lead,8.222222222222221,671.3333333333334,16765.777777777777,9
aids,8.1,1758.0,2467.0,1
airhead female lead,7.833333333333333,3782.0,5396.666666666667,4
airhead male lead,7.7,954.25,9153.75,4
airport setting,7.566666666666666,2450.6666666666665,1554.0,3
alcoholic female lead,8.2,1043.0,3814.0,1
alcoholic male lead,8.7,447.0,8496.0,2
alcoholism,8.466666666666667,1069.6666666666667,6175.666666666667,1
alcoholism ,8.7,447.0,8496.0,2
alexithymia,8.15,470.5,11645.0,2
alien,8.1,1704.5,36102.75,3
alien ,6.7,6459.0,198.0,1
all-boys school,8.3,306.0,15543.0,1
alternate reality,8.1,301.0,13338.0,2
alternate universe,,9341.0,,1
ambassador supporting character,7.9,1455.0,1473.0,1
ambition,8.033333333333333,1584.3333333333333,4216.0,3
ambitious female lead,7.2,7804.0,334.0,2
ambitious male lead,7.5,663.0,7453.5,2
amnesia,7.7317073170731705,1950.1707317073171,8441.975609756097,29
amnesia ,7.470000000000001,3339.3,6747.1,10
amusement park setting,7.0,2442.0,2168.0,2
android,8.3,85.0,25332.0,1
angel female lead,7.6,188.0,17816.0,1
angel male lead,7.7,1023.0,3250.0,1
anger issues,7.0,648.0,5883.0,1
animal,7.959999999999999,1484.0,6288.8,1
animal abuse,8.45,420.5,12824.5,2
animal death,7.75,2736.5,965.0,2
announcer female lead,7.5,3404.0,743.0,1
anthology,7.6000000000000005,3486.6666666666665,4369.0,3
anti-fan,7.5,842.0,6197.0,1
antihero,7.752631578947367,2337.2631578947367,5854.368421052632,16
antihero ,8.100000000000001,4314.0,7426.5,2
antisocial personality disorder,8.4,562.3333333333334,15848.0,3
anxiety,7.733333333333334,913.6666666666666,12334.666666666666,1
app developer,8.1,56.0,36309.0,1
apparent death,7.4,2691.0,800.0,1
aquaphobia,7.6,733.0,5220.0,1
archaeologist male lead,7.5,1432.0,1823.0,1
archery,6.9,4360.0,256.0,1
architecture industry,7.15,3226.5,8002.5,1
architecture industry ,7.8,275.0,15826.0,1
aristocrat,7.7,992.0,2462.0,1
army officer,8.2,709.0,5415.0,1
arranged marriage,7.82,1837.4,7185.4,5
arrogant male lead,7.53125,1772.4117647058824,7651.5,16
arrogant male lead ,8.0,338.0,11760.0,1
art,8.015767634854772,1511.851851851852,10714.589211618257,4
art restoration,7.9,1678.0,1699.0,1
artificial intelligence,7.999999999999999,340.8333333333333,17350.5,6
artist,7.5,4097.5,870.3333333333334,2
artist ,7.5249999999999995,2228.0,1120.0,1
asperger’s syndrome ,9.2,111.0,26058.0,1
assassin female lead,9.0,313.0,5137.0,2
assassination,7.6,6972.0,442.5,1
assault,8.133333333333333,1453.1,6318.222222222223,1
assemblyman male lead,8.0,1663.0,1910.0,1
assistant director supporting character,7.5,351.0,9375.0,1
astronaut female lead,,3713.0,,1
athlete female lead,8.25,3016.6666666666665,6801.0,3
athlete male lead,8.0,324.0,18797.5,2
attempted assassination,7.5,2870.0,841.0,1
attempted assault,7.5,2506.0,1320.5,2
attempted assault ,7.6,1821.0,1964.0,1
attempted murder,8.0,1515.0,14881.333333333334,6
attempted murder ,7.9,1698.0,1603.0,1
attempted sexual assault,8.0,1304.5,3946.0,1
attempted sexual assault ,8.1,697.0,6280.0,1
attempted suicide,8.299999999999999,1371.4,14232.75,4
attempted suicide ,8.7,75.0,35781.0,1
attorney female lead,9.2,227.0,8535.0,1
attorney male lead,8.2,480.0,6130.0,1
audition ,7.8,3354.0,877.0,1
augmented reality,8.1,83.0,26561.0,1
aunt-nephew relationship,7.7,201.0,22845.0,1
authoritarian parents,7.2,7185.0,129.0,1
autism,8.54,20209.8,11773.4,5
autistic female lead,9.2,227.0,8535.0,1
autistic male lead,8.3,181.0,17804.0,1
awkward female lead,7.8,325.0,12310.0,1
awkward male lead,7.7,3145.6666666666665,5359.333333333333,3
babysitting,8.0,2955.0,12608.0,2
bad man/good woman,7.25,550.0,15039.5,2
bad tempered male lead,7.4,2980.0,1325.0,1
bad-tempered female lead,8.2,420.0,5763.0,1
bad/wrong tag,7.266666666666667,5181.666666666667,1328.6666666666667,3
bad/wrong tag ,7.0,6394.0,220.0,1
badass female lead,8.134999999999998,969.3,15081.2,20
badass male lead,8.341176470588238,873.5882352941177,19303.58823529412,16
badass male lead ,8.9,15.0,58261.0,1
badminton,8.600000000000001,533.0,7234.5,2
baekje dynasty,7.633333333333333,6225.0,272.6666666666667,3
baking,7.550000000000001,1527.0,4947.0,2
balhae dynasty,8.0,7764.0,156.0,1
ballet,8.299999999999999,809.3333333333334,14206.0,2
ballet dancer male lead,7.4,2112.0,1244.0,1
band,7.616666666666668,2585.16,7589.541666666667,7
band ,7.459999999999999,4163.0,12617.2,2
bank auditor ,7.6,6512.0,209.0,1
bank setting,7.6,6512.0,209.0,1
bankruptcy,7.866666666666667,2055.0,5042.0,2
bankruptcy ,7.5,2248.0,1378.0,1
bantering relationship,8.8,4.0,81410.0,1
barista supporting character,8.1,711.0,1988.0,1
baseball,7.550000000000001,2040.0,5512.875,8
based on folk story,7.2,7973.0,109.0,1
based on true story,7.457142857142857,15627.0,2606.1428571428573,4
based on true story ,7.3,28884.75,715.5,4
basketball,6.8,4051.0,471.0,1
battle of wits,8.1,1579.0,1905.0,1
beauty,7.700000000000001,580.7142857142857,19313.0,2
beauty and makeup,7.75,929.5,6635.0,1
beauty and makeup ,8.1,287.0,11089.0,1
beauty pageant,7.4,1319.0,2773.0,1
beauty salon owner,7.4,1319.0,2773.0,1
beauty standards,8.1,129.0,36751.333333333336,3
becoming young,7.949999999999999,907.0,11712.0,2
benevolent father,7.65,2860.0,937.0,2
benevolent mother,7.6,1090.5,5136.5,2
betrayal,7.342857142857141,4922.909090909091,1664.5238095238096,20
betrayal ,7.300000000000001,11676.5,26.0,2
betrayed by a friend,6.7,8958.0,74.0,1
betrayed by a lover,7.6,3245.0,585.0,1
bickering couple,7.793333333333334,7762.466666666666,12754.8,14
bickering couple ,8.8,117.0,26020.0,1
big family,7.762499999999999,4035.875,2028.125,8
bilingual,7.8,4049.0,582.0,1
biographical,7.966666666666668,6085.333333333333,4330.666666666667,3
biotechnology,7.6,702.0,5309.0,1
bipolar disorder,7.5,842.0,6197.0,1
birth secret,7.6090909090909085,8905.045454545454,2336.7727272727275,19
birth secret ,7.3999999999999995,7795.666666666667,203.66666666666666,3
bisexual male lead,7.75,553.5,13425.5,2
bittersweet ending,7.5,1076.0,3010.0,1
black comedy,7.8875,2267.875,4686.0,7
black comedy ,9.0,84.0,22000.0,1
black magic,7.900000000000001,384.0,12646.333333333334,3
blackmail,7.575,2230.25,7916.5,2
blackmail ,8.05,960.5,15200.5,2
blind date,8.366666666666667,149.0,27904.666666666668,3
blind male lead,8.1,365.0,9000.0,1
blindness,7.366666666666666,3427.1666666666665,3373.0,5
blood,7.7250000000000005,3704.0,8127.0,3
blood ,7.8,3561.0,717.0,1
blue house,8.6,861.0,4974.0,1
boarding house,8.8,505.0,8256.0,1
body image,8.3,42.0,42528.0,1
body swap,7.581818181818181,2381.5,6863.727272727273,10
body swap ,6.75,7389.0,668.0,2
body transformation,7.0,2231.0,1644.5,2
bodyguard female lead,7.5,842.0,6197.0,1
bodyguard male lead,7.300000000000001,4441.0,1493.5,2
boss-employee relationship,7.850877192982459,2893.157894736842,16104.263157894737,52
boss-employee relationship ,8.14,446.8,16857.6,5
boutique ,7.7,2942.0,709.0,1
boxer female lead,7.5,3269.0,729.0,1
boxer male lead,7.2,5068.0,543.0,1
boxing,7.7,3036.0,860.0,1
brain cancer,8.4,82.0,29321.0,1
brain surgery,7.800000000000001,2379.5,1324.5,2
brave female lead,8.05,484.5,5251.5,2
brave male lead,7.8,2126.0,595.0,1
break off engagement,7.8,966.0,3624.0,1
break up,7.544444444444445,2234.5,4808.666666666667,10
brief nudity,8.5,588.0,5159.0,1
bright female lead,7.55,10880.916666666666,4800.0,10
bright female lead ,7.65,3113.0,7416.5,2
broadcasting club,8.2,556.0,8116.0,1
broker male lead,7.6,3890.0,298.0,1
bromance,8.143518518518517,712.0555555555555,13877.12962962963,94
bromance ,8.064285714285713,959.8571428571429,10861.642857142857,14
brother-sister relationship,7.758823529411765,8296.823529411764,5315.294117647059,14
brother-sister relationship ,7.733333333333334,3862.0,7823.333333333333,3
brothers love same woman ,7.1,6511.0,272.0,1
bucket list,7.2,99999.0,3.0,1
bullied male lead,8.3,595.0,5515.0,1
business ,7.44,6228.0,499.0,2
business partners,7.5,2248.0,1378.0,1
business rivalry,7.3,8006.0,62.0,1
business successor,7.3,7298.0,185.0,1
businessman,7.266666666666667,19576.666666666668,2538.5,3
businessman ,7.466666666666666,1237.6666666666667,4909.333333333333,1
businessman male lead ,7.4,539.0,6832.0,2
businesswoman female lead,8.0,1550.0,1174.0,1
butterfly effect,9.0,72.0,26973.0,1
café owner female lead,7.1,908.0,5861.5,1
café owner female lead ,7.0,1257.0,2835.0,1
café setting,7.1,1708.5,4667.0,2
calligrapher,7.4,580.0,6076.0,1
calm female lead,8.028571428571428,2040.9285714285713,11684.0,11
calm female lead ,8.433333333333334,453.0,12831.0,3
calm male lead,8.155813953488373,944.1395348837209,15793.023255813954,41
calm male lead ,7.85,1336.5,3382.5,2
camping trip,8.1,1378.0,2027.0,1
campus setting,8.2,2437.0,4937.0,5
cancer,7.975000000000001,3802.0,7879.25,3
car accident,7.5636363636363635,11285.583333333334,2874.0,12
car racing ,6.8,99999.0,16.0,1
cardiothoracic surgeon,7.1,6638.0,178.0,1
career oriented female lead,7.6000000000000005,1594.0,3553.3333333333335,3
career woman,8.4,1601.0,2409.0,1
carefree female lead ,8.8,505.0,8256.0,1
carpenter male lead,7.3,1834.0,1587.0,1
carreer female lead,7.3,3177.0,1063.0,1
casino setting,7.7,1037.0,3067.0,1
cat,7.839999999999999,1168.5,9096.7,2
catastrophy,7.5,1224.0,2127.0,1
catholicism in korea ,7.9,1773.0,1707.0,1
chairman,7.733333333333334,3331.3333333333335,803.3333333333334,1
chairman/chairwoman supporting character,7.800000000000001,2891.5,1003.0,1
chairman/chairwoman supporting character ,7.7,3369.0,773.0,1
character development,8.093333333333335,3145.4285714285716,11377.283333333333,50
character development ,7.974999999999999,10103.153846153846,7528.166666666667,13
chasing a dream,7.661538461538462,16019.714285714286,4224.0,14
chauffeur supporting character,7.5,3257.0,451.0,1
cheating,7.5600000000000005,2057.8,4863.6,4
cheating ,7.6,3455.0,545.0,1
cheerful female lead,7.543749999999999,9030.684210526315,6289.875,17
cheerful female lead ,8.1,1152.0,14805.0,2
cheerful male lead,8.111111111111109,535.2222222222222,16827.11111111111,6
cheerful male lead ,8.366666666666665,324.6666666666667,22675.666666666668,3
chef,7.455555555555555,2770.222222222222,3359.8888888888887,3
chef female lead,7.6,3793.0,837.0,1
chef male lead,7.4799999999999995,828.0,5630.0,4
chef male lead ,6.8,1641.0,1638.0,1
chief of police supporting character ,8.1,711.0,1988.0,1
child abandonment,7.916666666666667,1993.142857142857,3447.1666666666665,4
child abandonment ,7.933333333333334,816.3333333333334,4689.0,3
child abuse,8.2375,953.75,7717.5,8
child behavior issues,7.9,2331.0,2468.0,1
child behavior issues ,7.2,3933.0,728.0,1
child education,7.6,3049.0,974.0,1
child female lead,8.139999999999999,1372.0,4872.0,5
child male lead,7.9,2359.0,1515.0,1
child sexual abuse,8.8,185.0,13640.0,1
child supporting character,7.2,2644.5,1592.0,2
childbirth,8.15,1792.5,1857.5,2
childhood acquaintance,7.849999999999999,939.0,16269.5,5
childhood acquaintance ,7.3,1166.0,2724.0,1
childhood connection,7.85,2156.0,20400.0,4
childhood crush,7.5,2015.0,2218.0,3
childhood sweethearts,7.550000000000001,3522.5,707.5,2
childhood trauma,8.214285714285715,954.5714285714286,8356.57142857143,7
childish female lead,8.033333333333333,1662.6666666666667,20495.333333333332,3
childish male lead,7.730769230769228,808.6923076923077,9883.615384615385,13
chocolatier,7.1,1108.0,4667.0,1
chungseon,7.8,868.0,3935.0,1
church setting,7.6,3431.0,1061.0,1
church setting ,7.3,5089.0,415.0,1
ciminal organization,8.0,1550.0,1174.0,1
civil exam ,7.7,728.0,5937.0,1
civil servant,7.65,1986.0,2213.5,3
civil servant ,7.4,3458.0,429.0,1
clairvoyance,7.4,924.0,2643.0,1
clandestine operation,7.2,946.0,5690.0,1
classical music,7.9,329.5,12313.5,2
cleaning and organizing,9.2,111.0,26058.0,1
clingy ex-boyfriend,7.8,966.0,3624.0,1
clingy female lead,7.733333333333333,1137.6666666666667,12898.0,5
clingy female lead ,7.4,1106.0,3865.0,1
clingy male lead,7.691666666666666,876.3333333333334,10265.0,10
clingy male lead ,7.35,661.0,10729.0,2
closeted,7.0,1814.0,1647.0,1
clumsy female lead,7.5666666666666655,1558.3333333333333,6673.5,6
clumsy male lead,7.1,1159.0,3200.0,1
cnblue,6.6,723.0,6438.0,1
co-produced,8.4,1055.0,3016.0,1
coach male lead,,8010.0,,1
coast guard,6.9,2264.0,1726.0,1
cohabitation,7.788636363636365,3156.0454545454545,16330.863636363636,39
cohabitation ,7.88,1963.0,15824.8,5
cold female lead,7.529411764705882,2193.764705882353,5860.058823529412,14
cold female lead ,7.766666666666667,936.0,8860.666666666666,3
cold male lead,7.607692307692308,3242.785714285714,5087.307692307692,13
cold male lead ,7.5,3269.0,729.0,1
cold man/warm woman,7.826666666666666,1288.9333333333334,12683.666666666666,28
cold man/warm woman ,7.65,3315.0,11721.0,2
cold-hearted female lead,7.9,2359.0,1515.0,1
color blindness ,7.2,7973.0,109.0,1
coma,8.379999999999999,1909.0,11634.2,5
comedy,7.976470588235292,7417.35294117647,4813.588235294118,2
comedy ,7.88,20763.2,6766.4,4
comfort women,8.5,11117.0,55.0,1
coming of age,8.171428571428569,591.4285714285714,14277.92857142857,14
company manager,7.7,1575.0,2575.0,1
company president (ceo) female lead,,,,1
company president (ceo) male lead,,,,8
company president (ceo) male lead ,,,,2
compassionate female lead,8.1,425.0,9543.0,1
competent female lead,7.6375,3628.625,3653.125,8
competent male lead,7.7,3064.0,3049.4,4
competent male lead ,7.3,1340.0,2977.0,1
competition,7.966666666666665,977.25,14919.833333333334,11
competition ,7.8,1681.0,2129.0,1
competitive male lead,8.3,595.0,5515.0,1
composer male lead,7.3,1579.5,5386.5,2
conceited male lead,7.1,2571.0,1389.0,1
concubine,8.466666666666667,67138.0,583.0,2
concubine female lead,8.2,1416.0,1737.0,1
confident female lead,8.5,944.0,3597.0,1
confident male lead,7.75,1581.5,1831.0,2
conflict,7.609090909090909,11000.818181818182,2263.4545454545455,4
conflict ,8.149999999999999,2242.5,1956.0,1
conglomerate,7.433333333333334,3568.6,2453.5555555555557,8
conglomerate ,7.35,2793.5,961.0,2
congressman,7.4,2691.0,800.0,1
consort supporting character,7.75,6728.0,120.0,2
conspiracy,8.05,1606.5,6444.6,8
conspiracy ,7.5,3787.0,3054.0,2
contract relationship,7.858823529411764,1997.3333333333333,16509.352941176472,15
contract relationship ,7.366666666666667,8708.333333333334,168.66666666666666,3
contract worker,7.4,3225.0,773.0,1
controlling parent,7.449999999999999,1574.5,24608.5,3
controlling parent ,7.0,648.0,5883.0,1
cooking,7.633333333333334,1090.4444444444443,12837.666666666666,9
corrupt legal system,7.966666666666668,2173.6666666666665,2608.0,3
corrupt police officer,7.2,3933.0,728.0,1
corruption,8.044117647058824,1668.857142857143,6809.794117647059,66
corruption ,8.066666666666666,2348.5,11281.333333333334,4
cosmetic company,7.433333333333334,2497.0,1866.3333333333333,2
cosmetic company ,7.7,1575.0,2575.0,1
cosmetics company,8.1,287.0,11089.0,1
costume,7.1,1273.0,3763.0,1
counselor female lead,,8010.0,,1
country manipulation,7.6,1936.0,1135.0,1
countryside female lead,7.4,2980.0,1325.0,1
countryside setting,7.6,1569.0,2578.75,4
courtroom setting,8.233333333333333,1234.0,4034.3333333333335,2
courtroom setting ,7.8,2134.0,981.0,1
crime,8.042857142857144,1786.9285714285713,5584.928571428572,3
crime against children,7.825,2790.25,1175.0,3
crime against children ,7.8,4375.0,522.0,1
crime against women,7.9,2607.0,995.0,1
crime boss,8.7,115.0,30400.0,1
crime solving duo,8.333333333333334,1074.0,8044.0,3
criminal organization,7.7,1655.0,1852.0,1
criminal profiler,8.225,756.25,9668.0,3
criminal profiler female lead,7.8,483.0,6207.0,1
criminal profiler male lead,7.8,483.0,6207.0,1
criminal supporting character,8.0,1270.3333333333333,4057.6666666666665,3
cross-dressing,7.81875,928.625,15764.5625,15
cross-dressing ,7.3,1856.0,1800.0,1
crossworlds traveler,8.45,301.5,40928.5,2
cuddly couple,7.4,4799.0,548.0,1
cult,8.05,1052.375,11776.75,6
cupid,7.1,945.0,4432.0,1
curse,7.966666666666666,922.6666666666666,5460.0,3
customer,7.65,3481.3333333333335,6311.0,1
customer service staff,7.65,3174.0,6311.0,2
cyber bullying,7.5,842.0,6197.0,1
cyberbullying,8.6,11.0,67641.0,2
cynical male lead,7.9,907.0,2721.0,1
damsel in distress,7.3,3177.0,1063.0,1
dance,7.65,1964.5,1401.5,1
dancer female lead,7.9,1817.0,1559.0,1
dangerous love,7.3,6542.0,243.0,1
dark fantasy,7.699999999999999,1273.5,6659.0,2
dark fiction,7.68,2482.7,4006.0,10
dark past,7.3,6380.0,386.0,1
data manipulation ,8.4,119.0,19959.0,1
deadly mission,8.2,398.0,11182.0,1
deaf male lead,8.1,620.0,7057.0,1
deafness,8.1,620.0,7057.0,1
death,7.912977099236643,3505.0367647058824,7417.152671755725,92
death ,7.668000000000003,5053.980392156863,5524.08,12
death game,8.3,57.0,44600.5,2
death of a brother,7.666666666666667,4508.666666666667,563.0,3
death of a daughter,7.5,1432.0,1823.0,1
death of a family,7.3,99999.0,20.0,1
death of a father,7.542857142857143,3945.5714285714284,1956.857142857143,6
death of a father ,8.0,2315.0,1535.0,1
death of a fiancé ,8.2,819.0,5229.0,1
death of a friend,7.5,1954.0,1652.0,1
death of a girlfriend,8.1,1758.0,2467.0,1
death of a grandfather,7.5,1967.0,2057.0,1
death of a grandmother,7.8,5860.0,154.0,2
death of a husband,7.1000000000000005,7281.0,173.0,2
death of a husband ,7.5,7014.0,237.0,1
death of a mother,7.421428571428573,4362.666666666667,1343.357142857143,15
death of a parent,7.557142857142858,2568.285714285714,2535.285714285714,7
death of a sister,7.699999999999999,3474.5,1687.0,2
death of a stepfather,7.65,1719.5,960.0,2
death of a wife,8.0,2222.0,1616.0,1
death of an adoptive father,7.8,2800.0,606.0,1
debt,7.777777777777778,1421.111111111111,11842.555555555555,7
debt ,7.9,793.0,8241.5,1
debt collector,7.4,1319.0,2773.0,1
deception,7.857142857142856,7204.272727272727,7514.142857142857,19
deception ,8.033333333333333,1320.3333333333333,9722.333333333334,3
deity female lead,7.4,924.0,2643.0,1
delivery man/woman,6.7,6459.0,198.0,1
deliveryman male lead,7.9,390.0,9669.0,1
deliveryman/deliverywoman supporting character,7.7,3369.0,773.0,1
deliverywoman female lead,7.9,390.0,9669.0,1
dementia ,7.8,1276.0,2349.0,1
demilitarized zone,8.2,709.0,5415.0,1
demon,8.366666666666665,579.5,17878.666666666668,3
demon/monster hunting,,1594.0,,1
dentist male lead,8.0,1880.0,684.0,1
depression,8.0875,774.25,7883.5,7
depression ,7.4,623.0,7777.0,1
dermatologist male lead,6.8,1767.0,2126.0,1
desertion,8.8,242.0,16600.0,1
desperate male lead,7.4,1319.0,2773.0,1
detective,7.889795918367349,1847.245283018868,3496.877551020408,4
detective ,7.915909090909093,1819.75,3699.7045454545455,5
detective agency,7.5,610.0,5916.0,1
detective female lead,7.883333333333334,2215.714285714286,1644.0,7
detective fiction,7.999999999999999,1570.7777777777778,4116.0,16
detective fiction ,7.95,578.0,8249.0,2
detective male lead,8.0,1499.625,4203.130434782609,21
detective male lead ,8.1,911.0,5451.0,3
detective supporting character,7.883333333333334,1983.6666666666667,1862.5,5
determined female lead,7.7,2311.0,1176.0,1
determined male lead,8.25,591.5,8798.5,2
devil,8.0,853.0,3091.0,1
different timelines,8.120000000000001,1336.2,7196.8,5
diligent female lead,,4513.0,,2
director male lead,7.35,2706.5,2662.5,2
disability,7.833333333333333,12956.777777777777,4383.777777777777,6
disability ,8.1,151.0,19300.0,1
disabled female lead,8.2,1860.0,1818.0,1
disappearance,7.75,3248.6666666666665,554.0,3
disapproving family,7.449999999999999,2825.5,1560.0,2
disapproving parent,7.699999999999999,3116.5555555555557,9390.777777777777,7
disapproving parent ,8.0,296.0,16440.0,2
disaster,7.400000000000001,3856.6666666666665,2606.3333333333335,2
disaster ,7.4,3604.0,681.0,1
discrimination,8.35,1227.0,8281.0,4
disease,7.725,3006.9375,3525.5625,7
dissociative amnesia,7.766666666666668,2192.0,7116.0,3
dissociative identity disorder,7.866666666666667,1218.25,20537.333333333332,4
divorce,7.555882352941177,15163.85294117647,2296.4117647058824,25
divorce ,7.166666666666667,69098.66666666667,77.66666666666667,3
divorced couple,7.3,4643.0,465.5,2
divorced female lead,7.62,3812.8,1803.4,4
divorced female lead ,8.1,1453.0,3283.0,1
divorced male lead,7.8,2718.5,1871.0,2
doctor female lead,7.775,3050.809523809524,4007.2,21
doctor male lead,7.688888888888889,3468.3571428571427,3596.0,26
doctor male lead ,8.05,3658.5,5120.0,2
doctor supporting character,7.516666666666667,2409.5,1622.5,6
doctor-patient relationship,7.449999999999999,2542.5,1081.5,2
dog ,7.7250000000000005,728.0,5458.75,1
dokkaebi,8.8,1.0,91993.0,1
domestic abuse,7.779999999999999,1869.4,1817.0,4
domestic abuse ,7.6,2483.0,1152.0,1
domestic violence,7.960000000000001,2930.8,1994.0,4
domestic violence ,7.3,8157.0,208.0,1
doppelganger,7.8500000000000005,2066.1666666666665,11662.333333333334,4
doppelganger ,7.800000000000001,3786.5,4120.0,2
dorky male lead,7.7,506.3333333333333,10953.0,2
dorky male lead ,7.1,945.0,4432.0,1
dormitory,8.025,374.5,14256.5,4
double identity,7.982758620689655,891.9310344827586,15425.034482758621,27
double identity ,7.85,775.0,8895.0,2
downfall,6.9,4360.0,256.0,1
drama,7.682857142857142,3145.3888888888887,6480.842857142857,8
drama ,7.620689655172414,3502.423728813559,5034.862068965517,12
dream world,8.3,2679.0,741.0,1
drinking,8.5,944.0,3597.0,1
dropout,7.9,1534.5,2836.5,2
drug addiction,7.8,2331.0,1298.0,1
drug lord,,4230.0,,1
drug usage,8.05,2112.0,2759.0,1
drug usage ,8.5,588.0,5159.0,1
drugs,7.4,1384.0,2792.0,1
dysfunctional family,7.666666666666667,1177.3333333333333,14216.333333333334,3
dystopia,8.266666666666667,1049.5,12126.333333333334,3
dystopia ,7.8,329.0,10719.0,1
earthquake ,8.7,3.0,77045.0,1
eccentric female lead,7.853658536585365,1412.642857142857,11703.268292682927,39
eccentric female lead ,7.5,4172.0,2087.0,3
eccentric male lead,7.97627118644068,946.3050847457627,12603.542372881357,57
eccentric male lead ,7.95,2153.5,6975.5,2
editor,7.466666666666666,1861.3333333333333,1666.6666666666667,1
editor female lead,8.2,936.0,1157.0,1
editor supporting character,7.9,1113.0,3584.0,1
edo period,7.3,1856.0,1800.0,1
elder female lead,8.1,1450.0,2665.5,1
elderly care ,7.9,743.0,5888.0,1
elections,7.85,1335.5,2583.0,2
elemental power,7.75,106.5,26249.0,1
elemental power ,7.4,60.0,32136.0,1
elementary school,7.9,2741.5,1111.0,2
embezzlement,,1535.0,,1
emergency department,7.4,3653.0,711.0,1
emotional abuse,7.25,2113.5,5129.0,2
emotional blunting,7.949999999999999,857.5,5951.5,2
emotional infidelity,7.35,3828.5,776.0,1
emotional infidelity ,7.5,2408.0,1113.0,1
emotionless male lead,8.9,143.0,18467.0,1
empathic male lead,8.2,2680.0,2048.5,2
emperor male lead,7.7,1366.0,2827.0,1
enemies to friends,7.7,893.3333333333334,5722.333333333333,3
enemies to lovers,7.625,2601.1111111111113,7034.6875,14
enemies to lovers ,7.366666666666667,2073.0,4428.666666666667,4
enemy mine,8.299999999999999,451.6666666666667,9396.666666666666,3
energetic female lead,8.1,254.5,14117.0,2
engagement,7.199999999999999,50482.5,1814.0,1
engineer male lead,8.1,3007.0,701.0,1
entertainment industry,7.65,5954.636363636364,6511.318181818182,19
entertainment industry ,7.899999999999999,2071.3333333333335,4590.0,3
enthusiastic male lead,,4096.0,,1
entrepreneur,7.550000000000001,1644.0,5149.5,2
environmental issues,8.2,398.0,11182.0,1
episodic format,7.599999999999999,3668.6666666666665,2672.0,1
episodic format ,7.55,3795.5,3705.5,2
escaping,7.7,2853.0,1152.0,1
espionage,7.900000000000001,921.0,4410.333333333333,3
eunuch,7.733333333333333,5819.0,197.66666666666666,2
eunuch supporting character,7.8,6053.0,142.0,1
euthanasia,8.5,273.0,13433.0,1
evil aunt ,6.9,1467.0,1714.0,2
evil brother,7.5,1686.0,1679.0,1
evil daughter-in-law,7.133333333333333,5265.666666666667,495.0,2
evil daughter-in-law ,7.6,2684.0,1014.0,1
evil father ,8.1,83.0,26561.0,1
evil female lead,7.6,5973.0,68.0,1
evil mother,7.7857142857142865,2955.285714285714,2630.285714285714,1
evil mother-in-law,7.8500000000000005,2046.8333333333333,3040.0,4
evil mother-in-law ,8.0,1716.5,5416.5,2
evil parental figure,8.025,1411.25,14787.0,7
evil parental figure ,8.4,507.0,6871.0,1
evil sister,7.3,6380.0,386.0,1
evil spirit,8.3,1129.0,15169.0,2
evil stepmother,7.640000000000001,20921.6,18320.6,3
evil stepmother ,7.05,51434.5,440.0,2
evil uncle,8.1,49.0,37780.0,1
ex relationship,7.8,4044.0,448.0,1
ex-boyfriend comes back,7.6125,1878.375,4167.75,8
ex-convict,8.0,1620.2857142857142,7812.142857142857,5
ex-convict male lead,8.0,1191.5,2616.5,1
ex-convict male lead ,8.3,1360.0,1983.0,1
ex-couple relationship ,7.9,1455.0,1473.0,1
ex-detective,7.6,2635.0,1064.0,1
ex-girlfriend comes back,7.7875000000000005,479.125,19690.375,8
ex-husband returns,7.6,1062.0,2501.0,1
ex-spouse comes back,7.9,562.0,8341.0,1
ex-spouse relationship,7.8,2413.3333333333335,4089.0,12
exorcism,8.175,588.0,14735.25,5
exorcist,8.033333333333333,1506.75,3610.0,3
exorcist male lead,7.9,1773.0,1707.0,1
extramarital affair,7.7,3612.6666666666665,3304.5,6
extravagant male lead,7.3,5245.0,335.0,1
extreme violence,8.066666666666666,1139.5,15490.333333333334,5
extreme violence ,8.6,1919.0,1547.0,1
failing marriage,8.0,1446.5,5045.5,2
fake daughter,7.1,4155.0,397.0,1
fake identity,7.671428571428571,2381.1428571428573,8339.285714285714,7
fake incest,8.3,285.0,13038.0,2
fake marriage,8.166666666666668,2523.6666666666665,15251.0,3
fake relationship,7.5600000000000005,1667.6,7793.0,3
fake relationship ,8.100000000000001,559.0,8027.5,2
fake religion,8.3,1104.0,10318.5,1
fake religion ,8.6,114.0,19596.0,1
faked death,8.1,376.0,10955.0,1
false rumors,7.4,7217.0,83.0,1
family,7.6299145299145295,6752.125,4922.82905982906,20
family ,7.610389610389609,6179.0759493670885,5150.831168831169,14
family conflict,7.619999999999999,2006.0,2557.6,5
family crisis,8.4,1345.0,2626.0,1
family dispute,7.199999999999999,3478.5,624.5,2
family issues,7.4,8219.0,49.0,1
family pressure,7.6866666666666665,1675.8,14505.733333333334,14
family pressure ,8.3,35.0,45726.0,1
family relationship,7.561538461538461,4010.5714285714284,3069.423076923077,25
family relationship ,7.35,3226.6666666666665,8977.0,3
family reunion,7.4,5197.75,469.5,4
family secret,7.713333333333333,9244.733333333334,6675.066666666667,13
family secret ,6.9,8548.0,153.5,2
famous lead/common lead,7.653333333333334,1238.1333333333334,9245.133333333333,15
famous male lead,7.628571428571428,2574.375,9245.285714285714,7
famous male lead ,8.3,80.0,30753.0,1
fan culture,8.4,25.0,44970.0,1
fantasy,7.699999999999999,1273.5,6659.0,1
farm setting,7.949999999999999,1022.0,4325.5,2
fashion designer,6.9625,15339.875,1435.125,1
fashion designer female lead,7.08,22733.0,990.2,5
fashion designer male lead,7.25,4002.5,1000.0,2
fashion industry,7.0200000000000005,12189.2,2869.5,9
fashion industry ,5.8,1049.0,4530.0,1
fast paced romance,7.760000000000001,197.0,25094.8,4
fast paced romance ,8.1,537.0,7038.0,1
fate,8.020000000000001,675.4,20633.533333333333,9
fate ,8.299999999999999,125.33333333333333,23489.333333333332,3
fated love,7.799999999999999,547.0,11313.0,4
father-daughter relationship,7.959523809523809,4194.5,8905.857142857143,38
father-daughter relationship ,7.9,3018.5,1608.75,4
father-in-law - daughter-in-law relationship,7.35,4421.5,299.5,2
father-son relationship,7.840625000000001,5203.69696969697,6047.1875,29
father-son relationship ,7.625,29051.25,1605.25,4
female antagonist,7.75,1136.7,8562.5,9
female antagonist ,7.4,459.0,6757.0,1
female centered plot,7.549999999999999,9924.8,799.0714285714286,15
female chases male first,7.746153846153847,1503.8846153846155,11868.384615384615,24
female chases male first ,7.8999999999999995,2752.5,11857.5,2
female fighter,7.2,1226.0,2698.0,1
female infertility,7.449999999999999,1750.5,2785.5,2
female lead action scenes,8.266666666666666,585.3333333333334,22483.833333333332,4
female lead action scenes ,7.9,715.5,8494.0,2
female rivalry,7.562499999999999,3001.25,1560.125,7
female rivalry ,8.1,1579.0,1905.0,1
femme fatale,7.550000000000001,3605.5,954.0,2
fight,7.9785714285714295,1960.9642857142858,10267.0,6
fight for justice,8.033333333333333,1977.3333333333333,2989.3333333333335,3
filmed abroad,7.455555555555557,2417.1111111111113,14893.111111111111,6
filmed abroad ,7.0,5686.666666666667,1780.6666666666667,3
financial conflict,7.2,1542.0,2260.0,1
fire accident,7.85,1154.5,5254.0,2
firefighter male lead,7.0,2632.0,796.0,1
first love,7.743209876543211,1440.8536585365853,11821.728395061727,73
first love ,7.609999999999999,1767.5,18659.5,7
first love returns,7.133333333333333,4294.666666666667,742.6666666666666,2
first love returns ,6.6,6959.0,182.0,1
flashback to past,7.852380952380954,1770.7674418604652,9054.880952380952,38
flashback to past ,8.02,571.6,12583.4,5
flight attendant female lead,7.68,1440.0,3805.6,5
flight attendant supporting character,7.9,2892.0,773.0,1
florist,7.4,2071.0,2091.5,1
florist supporting character,7.5,1608.0,2665.0,1
fluffy,7.9,939.0,5541.0,1
food,7.74,1451.0,6173.4,3
food ,7.333333333333333,2957.3333333333335,1149.6666666666667,2
food industry,7.4,3225.0,773.0,1
foodie female lead,7.833333333333333,1062.0,4990.0,3
forbidden love,7.603703703703705,6692.185185185185,5923.111111111111,25
forbidden love ,7.6,5026.0,779.0,2
forced break-up,7.55,1441.5,8540.5,1
forced break-up ,7.5,199.0,16067.0,1
forced kiss,6.9,9188.0,115.0,1
foreigner male lead,7.9,641.0,7775.0,1
forensic medical examiner male lead,8.25,1640.0,3348.5,2
forensic science,8.3,914.0,4733.0,1
forest ranger,8.2,516.0,5738.0,1
forgiveness,7.75,3591.25,22575.5,1
forgiveness ,8.0,2060.0,30053.333333333332,3
forgotten memories,7.2,1580.0,2819.0,1
former detective supporting character,8.1,711.0,1988.0,1
former idol,7.8,1034.0,3430.0,1
former prosecutor,,2309.0,,1
found family,7.8500000000000005,1982.0,4002.0,2
foundation director female lead,7.2,3559.0,334.0,1
fraternal twin female lead ,7.5,2689.0,931.0,2
fraud,8.025,1337.2,6182.0,5
freedom,7.8,2800.0,606.0,1
frenemy,8.0,992.3333333333334,4438.666666666667,2
frenemy ,7.8,625.0,6943.0,1
friends to enemies,7.5200000000000005,24672.2,2853.2,5
friends to lovers,7.929629629629631,7824.3448275862065,14313.851851851852,27
friends to lovers ,7.5,2675.5,25106.0,2
friends with benefits,7.5,103.0,28393.0,1
friendship,7.704109589041094,6018.246575342466,7446.328767123287,28
friendship ,7.485714285714287,9481.619047619048,4107.4047619047615,42
fugitive,7.5,2870.0,841.0,1
future,7.857142857142857,1793.0,5444.857142857143,5
future seeing female lead,7.733333333333334,1623.0,2312.0,3
gambler male lead,7.75,2761.0,843.0,2
gambling,7.38,2303.6,1856.0,5
game,8.033333333333333,1076.3333333333333,19279.666666666668,1
game developer male lead,8.5,256.0,13469.0,1
game developer supporting character,7.3,1340.0,2977.0,1
game show,8.4,195.5,36116.5,1
game show ,8.5,31.0,62640.0,1
gang,7.804347826086956,2372.1739130434785,9253.91304347826,8
gang ,8.5,427.0,9064.0,1
gangster male lead,7.516666666666667,5425.833333333333,382.5,6
gangster supporting character,7.7,1346.5,2051.5,2
gardener,7.6,215.0,17447.0,1
gaslighting,8.1,952.25,8969.75,4
gay male lead,7.633333333333333,2441.0,9010.333333333334,3
gay romance,7.925000000000001,457.75,12746.5,4
gender bender,7.916666666666667,583.8333333333334,26502.833333333332,5
gender bender ,7.6,87.0,31382.0,1
gender swap,9.0,92.0,28313.0,1
generation gap,7.6,215.0,17447.0,1
generational conflict ,8.7,933.0,3274.0,1
genetic manipulation,7.4,148.0,19708.0,1
genius female lead,7.4,4026.0,562.0,1
genius male lead,7.9,1662.25,3359.0,4
ghost,7.950000000000003,1426.4827586206898,12172.642857142857,23
ghost ,8.225,615.25,6746.5,1
ghost male lead ,7.9,778.0,5054.0,1
ghost supporting character ,8.4,724.0,5066.0,1
ghost-seeing female lead,7.859999999999999,682.1,13124.8,10
ghost-seeing male lead,8.063636363636364,1229.090909090909,11960.90909090909,11
gisaeng,7.8,4256.0,1603.5,2
glioblastoma,8.4,82.0,29321.0,1
goguryeo dynasty,7.625,2775.75,3513.75,4
gold digger female lead,7.3,8088.0,175.0,1
golf,6.7,3476.0,1098.0,1
good and evil,7.5,3269.0,729.0,1
good twin/evil twin,8.7,402.5,10209.5,2
goofy male lead,7.1,5496.0,413.0,1
gore,8.275,1002.625,20122.125,7
gore ,8.3,1412.0,2586.0,1
goryeo dynasty,7.8538461538461535,24538.214285714286,7994.2307692307695,13
goryeo dynasty ,8.0,11764.0,45.0,1
government,7.1,7031.0,354.0,1
governor male lead,7.5,1432.0,1823.0,1
governor supporting character,7.5,1432.0,1823.0,1
grandma-granddaughter relationship,8.0,1239.6666666666667,12753.333333333334,3
grandma-granddaughter relationship ,8.333333333333334,1399.6666666666667,19133.333333333332,3
grandma-grandson relationship,7.720000000000001,2406.4,4261.8,5
grandpa-granddaughter relationship,7.6,2048.285714285714,8450.0,7
grandpa-grandson relationship,7.375,2152.0,6188.5,4
greed,7.555999999999999,3579.12,3423.44,22
greed ,8.133333333333333,2652.6666666666665,5263.333333333333,3
grim reaper female lead,8.299999999999999,497.6666666666667,10366.666666666666,3
grim reaper male lead,8.9,165.0,18812.0,1
grim reaper supporting character ,8.100000000000001,458.5,8704.0,2
growing up,8.4,267.0,13710.0,1
grudge,8.45,362.0,13266.0,2
guardian angel,7.5,1545.0,1947.0,2
guilt,8.0,3238.0,10478.333333333334,2
guitarist male lead,7.4,3458.0,429.0,1
gun fight,7.7,1057.0,3397.0,1
gun violence,8.319999999999999,1141.0,34758.2,5
gwanggaeto the great,7.9,6970.0,233.0,1
gwanghae,7.5200000000000005,5267.2,813.6,5
gwangjong ,7.85,50007.5,27810.0,2
gwangju uprising,7.933333333333334,35135.333333333336,4265.666666666667,3
hacker male lead,6.9,2504.0,1148.0,1
hacker supporting character,,3726.0,,1
haechoolring,7.3,7293.0,151.0,1
hair designer,,4096.0,,1
hair dresser,7.5,6167.0,367.0,1
hair salon,,4096.0,,1
hair salon owner,,4096.0,,1
hallucination,8.366666666666667,494.6666666666667,16392.0,3
haphephobia,8.4,18.0,51014.0,1
harassment,8.0,2468.3333333333335,9517.333333333334,1
hardship,7.7,15915.466666666667,2008.0,15
hardworking female lead,7.890654205607476,2439.5833333333335,13543.514018691589,100
hardworking female lead ,7.457142857142857,1533.875,10406.0,8
hardworking male lead,8.010909090909092,1194.982142857143,13494.709090909091,51
hardworking male lead ,8.22,464.6,25517.8,5
harem,7.611111111111111,931.1111111111111,21429.0,1
harem ,7.6,721.0,5922.0,1
hateful mother-in-law,7.824999999999999,26183.0,1714.25,3
hateful mother-in-law ,8.3,1039.0,3449.0,1
hatred,7.485714285714287,4801.25,4035.5714285714284,7
hatred ,7.7,91.0,25763.0,1
healing,7.978378378378381,1149.3157894736842,13643.72972972973,34
healing ,7.575,939.75,7261.5,3
healing power,7.4,148.0,19708.0,1
healthy mains’ relationship,8.3,455.0,9812.5,2
heart disease,7.324999999999999,4452.25,1377.75,4
heart surgery,7.6,5596.0,447.0,2
heart transplant,7.725,3091.5,1346.75,3
heart transplant ,8.3,1111.0,2664.0,1
heartbreak,7.625,1099.625,10936.625,7
heartbreak ,6.9,2943.0,698.0,1
heartfelt,9.025,36.75,48122.25,4
height difference,7.9125,521.625,16732.125,6
height difference ,7.199999999999999,1346.0,6023.5,2
heir,7.414999999999999,3125.714285714286,4364.3,10
heir ,7.625,1714.5,3517.25,1
heir male lead,7.433333333333334,1967.3333333333333,3335.3333333333335,2
heir male lead ,7.4,1806.0,1381.0,1
heir/heiress supporting character,7.4,7217.0,83.0,1
heiress,7.3999999999999995,3627.4285714285716,2408.5,3
heiress ,7.3999999999999995,3167.0,4170.0,1
heiress female lead,7.4,1928.5,6213.5,2
heist,8.3,577.0,7138.0,1
hidden camera crime ,7.8,966.0,3624.0,1
hidden identity,7.967105263157892,948.1428571428571,14362.763157894737,69
hidden identity ,8.149999999999999,729.75,17552.0,8
hidden past,7.66153846153846,2229.9285714285716,5039.384615384615,13
hidden past ,8.3,192.0,15980.0,1
hidden personality,8.5,650.5,19218.5,2
high class society,7.7,2235.0,1206.0,1
high intelligence,7.4,1384.0,2792.0,1
high jump,7.6,87.0,31382.0,1
high school,7.87924528301887,912.5094339622641,15851.622641509433,50
high school ,7.8,1555.25,10635.75,1
high school sweethearts,8.8,117.0,26020.0,1
high school to working life,7.300000000000001,2875.5,1831.0,2
high society ,8.8,167.0,18632.0,1
highlight ,7.7,1733.0,2008.0,1
historical artifacts,7.9,1678.0,1699.0,1
historical fiction,7.535714285714285,17864.03448275862,1216.5714285714287,51
historical fiction ,7.685714285714285,3045.0,2677.5714285714284,7
historical figure,7.5307692307692315,20544.076923076922,603.3076923076923,13
historical legend,7.9,99999.0,15.0,1
hit and run,7.6000000000000005,5217.666666666667,345.3333333333333,1
hit and run ,7.8,5860.0,154.0,2
hologram,8.2,155.0,22377.0,1
home shopping,7.4,4045.0,378.0,1
homeless,8.025,1293.75,3059.75,2
homeless male lead,7.9,2414.0,1233.0,1
homeless supporting character ,8.2,1181.0,550.0,1
honest female lead,7.9,495.0,7184.0,1
honest male lead,7.4,3869.0,1453.5,2
horror,8.2,576.0,6840.0,1
hospice care,8.066666666666665,837.6666666666666,4271.333333333333,3
hospital director supporting character,7.4,11884.0,96.0,1
hospital management,7.2,1542.0,2260.0,1
hospital setting,7.58125,9541.625,2173.5,12
hospital setting ,8.066666666666668,1195.6666666666667,4966.0,3
hostage,8.4,370.5,10460.0,2
hostage situation,8.3,577.0,7138.0,1
hot-tempered female lead,8.024999999999999,12285.0,5896.625,8
hot-tempered female lead ,,99999.0,,1
hot-tempered male lead,7.975,1830.5,7837.125,5
hot-tempered male lead ,8.0,2143.6666666666665,10051.0,3
hotel management,7.3,737.0,5490.0,1
hotel setting,7.675000000000001,1821.75,3721.75,3
hotel setting ,8.1,1378.0,2027.0,1
hotelier female lead,7.3,10704.0,65.0,1
house husband ,6.9,12307.0,67.0,1
housekeeper,7.633333333333333,2469.0,2521.0,2
housekeeper male lead,7.9,1105.0,3583.0,1
housekeeping,7.9,1105.0,3583.0,1
housewife bullying,7.9,3124.0,707.0,1
housewife female lead,7.38,5531.0,502.0,5
human experimentation,7.839999999999999,808.8,5004.4,4
human experimentation ,8.5,337.0,8931.0,1
humiliation ,8.8,242.0,16600.0,1
hwarang,8.0,44.0,35521.0,1
hwaseong serial murders,8.45,424.5,15782.5,2
hyperthymesia,8.2,296.0,10957.0,1
hypnotism ,7.5,1952.0,1276.0,1
hypocrisy,7.5,2589.0,1192.0,2
ice hockey,7.7,373.0,9891.0,1
identical twin female lead,7.85,1773.5,1884.5,2
identical twin male lead,7.6,4682.0,440.0,1
identity swap,7.890000000000001,1839.0,12420.35,17
identity swap ,7.533333333333334,3701.0,2513.6666666666665,3
idol actor,7.1000000000000005,3022.3333333333335,2841.6666666666665,1
idol actor ,6.8,3658.5,3333.0,2
idol female lead,7.566666666666666,2276.0,2927.0,3
idol male lead,7.540000000000001,510.4,10992.2,5
idol supporting character,7.7,554.0,7379.0,1
idol trainee,7.4,1572.0,2181.0,1
illegal business,8.5,96.0,27200.0,1
illness,7.847727272727275,1728.9777777777779,7057.340909090909,7
illness ,7.950000000000001,3295.0,6248.125,1
imf crisis,7.4,1319.0,2773.0,1
immature female lead,7.8,4049.0,582.0,1
immature male lead,7.3,5089.0,415.0,1
immigrant,8.4,1055.0,3016.0,1
immortal,7.625,1221.0,4146.5,3
immortal female lead,7.5,1547.0,2428.0,2
immortality,7.3999999999999995,1316.0,3119.6666666666665,1
immortality ,7.5,1547.0,2428.0,2
impersonation,7.9,1298.0,2711.0,1
implied rape,8.1,479.0,7389.0,1
imposter,7.633333333333333,36347.666666666664,1415.6666666666667,3
impulsive female lead,8.033333333333333,495.3333333333333,8551.0,3
impulsive male lead,7.6,2220.4,3680.6,5
incest,7.75,4579.25,6568.75,1
incurable disease,8.5,273.0,13433.0,1
independent female lead,8.04782608695652,1074.9565217391305,13359.173913043478,23
infectious disease,8.15,1870.5,12487.5,2
inferiority complex,7.199999999999999,2825.0,2272.0,2
infidelity,7.53220338983051,9106.898305084746,1815.322033898305,53
infidelity ,7.459999999999999,22391.8,2047.2,4
influencer,,3113.0,,1
inheritance theft,7.5,2183.5,3559.0,1
inheritance theft ,7.2,3825.0,468.0,1
injury,8.3,692.0,6184.0,1
injustice,8.18,1835.0,13011.2,5
inner monologue,8.166666666666666,667.3333333333334,7219.666666666667,3
innocent female lead,7.5699999999999985,4718.090909090909,2601.1,11
innocent male lead,7.6,932.5,6808.75,3
innocent male lead ,8.6,161.0,19305.0,1
insider trading,7.1,4586.0,308.0,1
insomnia,7.866666666666667,738.3333333333334,5282.666666666667,1
insomnia ,7.7,945.5,3072.0,2
inspired by real events ,7.3,99999.0,18.0,1
insurance,8.4,321.0,10523.0,1
intellectual disability,7.449999999999999,4304.0,726.5,2
intercountry romance,6.9,8962.0,190.0,1
interior designer,7.15,35694.0,388.5,2
interior designer female lead,7.7,3369.0,773.0,1
internet celebrity,7.7,2737.0,960.0,1
internship,7.9,2214.6666666666665,2970.0,3
interspecies romance,7.917391304347827,436.3478260869565,24201.217391304348,22
interspecies romance ,8.1,142.0,19056.0,1
interview,8.8,117.0,26020.0,1
introverted female lead,8.7,447.0,8496.0,2
introverted male lead,7.4,8007.0,185.0,1
investigation,7.900840336134451,3674.314960629921,4821.235294117647,104
investigation ,7.468181818181818,12582.166666666666,1923.7272727272727,23
investigation team,8.2,1043.0,3814.0,1
investigator female lead,8.05,1565.5,2832.0,2
investigator male lead,8.000000000000002,805.3333333333334,4540.333333333333,3
investigator supporting character,7.9,1284.0,2528.5,2
island setting,8.149999999999999,1333.5,3855.0,2
jack of all trades,8.25,1949.5,18978.0,2
janitor female lead ,7.6,3890.0,298.0,1
janitor supporting character,7.6,3890.0,298.0,1
japanese colonial rule,7.9818181818181815,21140.81818181818,4582.454545454545,9
japanese colonial rule ,7.699999999999999,55842.5,40.5,2
jealousy,7.493103448275863,7485.533333333334,3486.6206896551726,25
jealousy ,7.68,4562.4,8255.4,5
jerk male lead,7.6,5375.0,286.0,1
jewelry (group),,,,1
jinheung,8.0,44.0,35521.0,1
joseon dynasty,7.818181818181817,8110.426470588235,5921.878787878788,53
joseon dynasty ,7.2,30733.666666666668,729.0714285714286,15
journalism,7.825,1458.5,16868.5,4
judge male lead,,3726.0,,1
judge supporting character ,8.3,1561.0,1331.0,1
justice system,8.6,652.0,7874.0,1
k-pop,7.8,1694.6666666666667,4704.0,3
kendo,7.5,3404.0,743.0,1
kidnapping,7.85,1975.4,5934.8,9
kidnapping ,7.3,8006.0,62.0,1
kind female lead,7.625,2982.75,1271.0,4
kind male lead,8.383333333333333,1339.6666666666667,5641.666666666667,5
kind male lead ,9.0,239.0,12822.0,1
king male lead,7.992647058823529,6149.885714285714,11164.088235294117,13
king male lead ,8.333333333333334,441.0,23141.833333333332,1
king supporting character,7.8,6053.0,142.0,1
korean food,7.9,571.0,7817.0,1
korean medicine doctor,7.3,844.0,3532.0,1
landlord male lead,,2309.0,,1
language barrier,6.9,8962.0,190.0,1
law,7.709090909090912,4839.68085106383,2669.3863636363635,1
law ,7.966666666666667,2271.866666666667,4823.866666666667,1
law firm,8.157142857142857,1324.4285714285713,7779.142857142857,7
lawmaker,8.0,1663.0,1910.0,1
lawyer female lead,7.6800000000000015,2267.714285714286,2184.8,6
lawyer female lead ,7.8,2331.0,1298.0,1
lawyer male lead,7.979999999999999,2906.4166666666665,2636.4,11
lawyer male lead ,8.2,480.0,6130.0,1
lawyer supporting character,7.75,1524.5,2359.5,1
lawyer supporting character ,7.9,1113.0,3584.0,1
lazy male lead,7.9,748.0,4131.0,1
leadership,8.15,2950.5,1556.25,4
leave home,7.7,3397.0,1055.0,1
lesbian guest character,7.7,99999.0,18.0,1
lesbian romance,6.9,9188.0,115.0,1
leukemia,8.5,427.0,9064.0,1
lgbtq+,7.6909090909090905,11001.90909090909,9307.09090909091,11
liar female lead,7.2,4438.0,432.0,1
lieutenant supporting character,8.3,914.0,4733.0,1
life decisions,7.5,2348.0,1200.0,1
life lesson,8.290000000000001,1115.5,8258.6,9
life lesson ,7.8,1377.0,2461.0,1
living with in-laws,7.449999999999999,2404.5,1500.0,2
loan shark ,7.816666666666666,2995.1666666666665,1066.5,1
loan shark female lead,7.4,7217.0,83.0,1
loan shark supporting character,7.9,2373.25,1009.0,4
loneliness,8.266666666666667,3100.0,5721.333333333333,3
long distance relationship,8.8,99999.0,5.0,1
long lost child,7.425000000000001,3679.5,4046.0,4
long lost mother,8.2,108.0,27618.0,1
long lost sibling,7.3,8896.0,140.0,1
long time friends,8.075,883.0,10651.75,4
long time friends ,8.1,606.0,4087.0,1
long-lost father,7.800000000000001,2347.5,1883.0,2
lost child,7.614285714285714,2725.4285714285716,6683.285714285715,3
lottery winner ,7.1,99999.0,7.0,1
love at first sight,7.650000000000001,1039.4166666666667,7830.0,10
love at first sight ,8.15,281.0,14292.0,2
love pentagon,7.699999999999999,953.0,5393.0,2
love square,7.477272727272726,7059.136363636364,9708.363636363636,21
love square ,8.1,144.0,24038.0,1
love triangle,7.573076923076924,4151.916666666667,11630.038461538461,129
love triangle ,7.288888888888888,17844.555555555555,6339.555555555556,27
love/hate relationship,7.844000000000001,682.76,12113.56,22
love/hate relationship ,7.433333333333334,1403.6666666666667,11570.666666666666,3
loveless marriage,7.7,1750.0,1859.0,1
lovers reunited,8.2,166.0,21733.5,2
lovers separated,7.739999999999999,2109.6,14719.0,9
lovers separated ,7.3,1897.0,2431.0,1
lovers to enemies,7.2,2041.0,3371.5,2
loving husband,7.9,1761.0,1152.0,1
lying,8.018032786885248,1328.774193548387,15223.819672131147,33
lying female lead,8.2,108.0,27618.0,1
mad dog,7.9142857142857155,998.2857142857143,8059.142857142857,5
mad dog ,7.800000000000001,892.5,3924.0,2
mafia,7.766666666666667,1038.6666666666667,18813.666666666668,3
magic,7.7846153846153845,1005.1538461538462,7971.0,4
magical object,7.2,1580.0,2819.0,1
magical power,8.175,442.0,7606.5,2
magical power ,9.0,313.0,5137.0,2
magical ring,8.0,338.0,11760.0,1
magician male lead,8.4,495.5,9388.0,2
makeover,7.919999999999999,351.4,30785.4,5
male centered plot,7.617647058823529,8395.055555555555,1994.4117647058824,3
male chases female first,7.863013698630138,1179.3013698630136,16384.986301369863,66
male chases female first ,7.885714285714286,989.4285714285714,10013.857142857143,7
male lead saves female lead,8.1,49.0,37780.0,1
manager female lead,7.433333333333334,1042.0,3891.6666666666665,2
manager supporting character,7.675000000000001,2599.25,878.5,4
manhwa artist supporting character,8.2,936.0,1157.0,1
manipulative female lead,7.550000000000001,5133.5,906.5,2
manipulative female villain,7.5,99999.0,28.0,1
manipulative male lead,7.1,4586.0,308.0,1
manipulative supporting character,7.5,99999.0,28.0,1
marital erectile dysfonction,7.3,9624.0,65.0,1
marketing,7.4,2089.0,1839.5,2
marriage,7.642857142857146,8657.8,4847.142857142857,34
marriage ,7.554545454545456,17093.31818181818,4470.409090909091,13
marriage of convenience,7.9142857142857155,3227.285714285714,11556.714285714286,7
married couple,7.387500000000003,19118.5,1188.375,26
married female lead,7.366666666666667,7182.0,80.66666666666667,3
married life,7.661538461538461,3125.769230769231,1239.3846153846155,11
married life ,7.8,1396.0,2908.5,2
martial arts,7.833333333333333,2628.1111111111113,5639.555555555556,2
martial arts ,7.960000000000001,3544.8,5054.4,2
martial arts master,8.05,1492.0,9845.0,2
martial arts school,8.1,773.0,4468.0,1
massacre,6.9,99999.0,6.0,1
master-servant relationship,8.9,323.0,11262.0,1
master-slave relationship,8.1,998.0,2990.0,1
master/disciple relationship,9.0,313.0,5137.0,2
matchmaking,7.633333333333333,726.0,6320.0,3
material arts,7.2,1226.0,2698.0,1
materialistic female lead,7.0,6394.0,220.0,1
mathematics ,7.8,754.0,4138.0,1
mature female lead,7.8,3732.0,1764.3333333333333,2
mdl remake,7.405263157894734,11309.90909090909,3029.0526315789475,8
mdl remake ,7.279999999999999,18291.166666666668,3283.2,3
mean female lead,8.2,420.0,5763.0,1
mean male lead,7.854545454545453,459.54545454545456,20880.18181818182,11
mean mother,7.449999999999999,1000.0,6791.0,1
mean mother ,7.3,289.0,11840.0,1
mean sister,8.2,108.0,27618.0,1
medical,8.325000000000001,1114.25,8217.25,2
meet again,7.383333333333333,1528.8333333333333,4338.166666666667,6
melodrama,7.747368421052631,1754.5263157894738,10253.78947368421,7
melodrama ,7.591666666666665,1851.75,5047.0,12
memory manipulation,7.9,3124.0,707.0,1
mental hospital setting,7.9,2008.0,1955.0,1
mental illness,7.770588235294119,1561.4444444444443,6044.588235294118,14
mental illness ,7.95,1495.75,6233.0,4
mental torment,8.7,132.0,20234.0,1
mentor,7.6,2439.0,1238.0,1
mermaid,7.85,212.0,30295.0,2
mermaid female lead,7.3,407.0,10490.0,1
middle school,7.8,888.0,4661.0,1
middle-aged female lead,8.7,464.0,6247.0,1
middle-aged male lead,8.066666666666666,1823.6666666666667,2786.0,3
midlife marriage crisis,7.3,9624.0,65.0,1
mild sexual content,7.95,1461.5,4336.0,2
military abuse,8.600000000000001,479.0,10789.5,2
military doctor,7.8,2800.0,606.0,1
mind reading,8.5,39.0,40124.0,1
miniseries,7.415492957746481,12104.307692307691,2594.1830985915494,70
miniseries ,7.300000000000001,29037.375,504.625,8
miracle,6.9,4360.0,256.0,1
miscarriage,7.6000000000000005,19594.166666666668,1209.5,6
miscommunication,7.6,1914.0,1947.0,1
misfortune,8.3,692.0,6184.0,1
misogynist male lead,7.3,9624.0,65.0,1
misogyny,7.3,9624.0,65.0,1
missing child,7.566666666666666,6497.333333333333,643.3333333333334,3
missing mother,7.75,3360.5,2099.5,1
missing mother ,7.9,748.0,4131.0,1
missing person,8.0875,1175.5555555555557,11090.5,7
missing person ,7.949999999999999,131.5,29339.0,2
mistaken identity,7.75,2687.5,11882.0,2
mistress female lead,7.699999999999999,3061.5,955.0,1
mistress female lead ,7.8,2878.0,1325.0,1
misunderstanding,7.743333333333333,1603.2,7985.766666666666,25
misunderstanding ,7.8,2054.0,7662.0,5
mixed live action-animation,8.4,1467.5,7105.0,2
mixed martial arts,7.6000000000000005,1798.0,9903.5,2
mobile app,7.65,256.5,26276.0,2
mockumentary,7.2,3246.0,1268.0,1
model female lead,7.2,1336.0,4267.0,1
model male lead,7.2,1336.0,4267.0,1
modeling,7.3428571428571425,15291.714285714286,6392.714285714285,7
monarchy,8.1,49.0,37780.0,1
money laundering,7.6,2635.0,1064.0,1
money-hungry male lead,8.4,716.0,4979.0,1
money-obsession,7.871428571428572,3025.1428571428573,3431.4285714285716,6
money-obsession ,8.4,716.0,4979.0,1
mongol empire,7.7,5564.0,290.0,1
monk/nun supporting character,7.833333333333333,2888.6666666666665,838.3333333333334,3
monsters,7.933333333333333,544.0,15725.0,2
monsters ,7.4,482.0,8444.0,1
moral ambiguity ,7.1,4669.0,338.0,1
morally ambiguous male lead,7.833333333333333,1949.3333333333333,1796.0,3
mother-daughter relationship,7.881250000000004,3820.5208333333335,7564.895833333333,43
mother-daughter relationship ,7.76,1739.2,22562.2,5
mother-in-law - daughter-in-law relationship,7.550000000000001,5179.5,194.0,2
mother-son relationship,7.965517241379311,5547.6551724137935,6471.3448275862065,23
mother-son relationship ,7.533333333333334,19039.833333333332,3723.1666666666665,6
motherhood,8.19,1406.8,7896.7,9
motherhood ,8.1,1758.0,2467.0,1
mourning,9.2,111.0,26058.0,1
multi-generational,7.425000000000001,5049.75,515.0,2
multi-generational ,7.4,3545.0,669.0,2
multilingual,8.5,281.0,13389.0,1
multiple couples,7.801204819277107,7324.349397590361,7067.361445783133,72
multiple couples ,7.427272727272728,21338.454545454544,3175.2727272727275,11
multiple mains,8.013888888888886,3016.7368421052633,7332.430555555556,69
multiple mains ,8.228571428571428,1264.5714285714287,12069.857142857143,7
multiple marriages,7.4,3600.5,1459.5,2
murder,8.129032258064516,1124.5257731958764,9171.064516129032,84
murder ,8.0125,1533.3,4967.25,9
muse,7.366666666666667,1685.0,7339.333333333333,1
music,7.681818181818182,1548.909090909091,7681.090909090909,1
music ,7.9399999999999995,1707.0,10850.0,3
music industry,7.449999999999999,983.0,5675.5,2
musical,7.833333333333333,669.0,8607.0,2
musical actress female lead,7.5,351.0,9375.0,1
musician female lead,7.1,934.0,6139.0,1
musician male lead,7.609999999999999,2173.1,4434.4,8
musician male lead ,7.75,817.0,4507.0,2
mutant,7.5,762.0,4368.0,1
muteness,7.733333333333333,35821.333333333336,1459.0,3
mysophobia,7.7,152.0,20013.0,1
mystery,8.5,242.25,22526.0,4
mythical being,8.4,65.0,29912.0,1
naive female lead,7.733333333333333,1666.2272727272727,15165.952380952382,18
naive female lead ,7.95,2031.5,16958.5,4
naive male lead,7.428571428571428,1875.857142857143,2971.0,7
nanny male lead,6.5,2930.0,1669.0,1
narcissistic male lead,8.3,417.0,8999.0,1
narcolepsy,7.1,4753.0,451.0,1
national assembly,8.066666666666666,2518.0,2392.0,3
national intelligence service,8.040000000000001,1384.6666666666667,9088.4,6
nerdy female lead,7.0,5330.0,407.0,1
nerdy male lead,7.633333333333334,2038.0,17076.333333333332,3
neuropsychiatrist supporting character ,7.5,351.0,9375.0,1
neurosurgeon male lead,8.166666666666666,1433.0,4305.666666666667,1
neurosurgeon male lead ,8.149999999999999,1966.5,1897.5,2
new enerrgy,7.6,7774.0,132.0,1
news anchor,7.433333333333334,4361.333333333333,774.0,2
news anchor ,7.3,3602.0,517.0,1
news media,7.666666666666667,3828.3333333333335,18999.0,1
news media ,8.0,2112.5,28404.0,2
news presenter male lead,7.4,3021.0,743.0,2
news station,7.0,7260.0,189.0,1
nice ex-husband,7.199999999999999,4336.5,738.0,2
nice female lead,7.712962962962962,5814.945454545455,10883.666666666666,51
nice female lead ,7.6000000000000005,2237.0,7323.25,4
nice male lead,8.004195804195799,1408.027972027972,12411.384615384615,115
nice male lead ,7.864285714285715,2758.8214285714284,7729.357142857143,28
nice stepmother ,8.5,505.0,9842.5,2
nine-tailed fox,8.366666666666667,110.33333333333333,25126.666666666668,3
noble man/common woman,8.9,4832.0,11262.0,2
noble sacrifice,7.1,4586.0,308.0,1
noble woman/common man,8.05,450.0,7667.0,2
noblewoman,7.4,5474.0,256.0,1
non-mdl remake,7.57,10826.363636363636,2655.2,8
non-mdl remake ,7.5,982.6666666666666,4018.6666666666665,3
north and south korea,8.433333333333334,26530.25,28732.666666666668,2
north and south korea ,8.15,50081.5,6894.0,2
north korean,7.816666666666667,1342.1666666666667,21239.5,4
north korean ,7.25,3025.5,3067.5,2
nostalgia,8.766666666666666,91.33333333333333,27442.666666666668,3
nudity ,8.3,577.0,7138.0,1
nurse supporting character,7.833333333333333,3306.6666666666665,1082.0,3
nutritionist,7.6,61.0,37639.0,2
oblivious female lead,8.1,1367.0,2095.0,1
oblivious male lead,7.533333333333334,918.6666666666666,7496.0,2
oblivious male lead ,7.8,317.0,13898.0,1
obsession,7.576923076923078,2197.153846153846,5815.807692307692,16
obsession ,7.5,2489.0,3244.0,2
obsessive ex-lover,7.8,966.0,3624.0,1
obsessive female lead,7.4,6126.0,202.0,1
obsessive male lead,7.325,1225.0,10652.25,3
obsessive male lead ,7.6,195.0,14763.0,1
obsessive-compulsive disorder,7.533333333333334,1156.0,8373.333333333334,2
obsessive-compulsive disorder ,6.7,950.0,3143.0,1
occult,7.9,1693.0,1930.0,1
office setting,8.1,988.0,3832.0,1
office worker,7.888235294117647,7220.944444444444,8070.64705882353,11
office worker ,7.883333333333334,16469.14285714286,10020.0,1
office worker female lead,7.875,21745.8,5405.75,5
office worker male lead,7.6,53255.5,209.0,2
older man/younger woman,7.532352941176471,5610.470588235294,6601.058823529412,29
older man/younger woman ,7.540000000000001,2003.0,7104.2,5
older woman/younger man,7.639130434782611,3198.782608695652,6791.971014492754,65
older woman/younger man ,7.85,6172.25,1099.5,4
omnibus,7.433333333333334,4259.833333333333,2338.3333333333335,5
omnibus ,7.2,12699.0,55.0,1
one-night stand,7.539999999999999,21467.8,20714.8,5
opposites attract,7.989999999999999,11079.7,16772.0,10
optimistic female lead,7.466666666666666,36765.666666666664,4948.0,2
optimistic female lead ,7.5,99999.0,28.0,1
optimistic male lead,7.5,7014.0,237.0,1
orchestra conductor male lead,7.5,781.0,5923.0,1
organ transplantation,7.366666666666667,3716.0,833.6666666666666,3
organized crime,7.6,3636.0,359.0,1
oriental medicine ,7.3,99999.0,64.0,1
orphan female lead,7.790000000000002,2143.5,7178.7,17
orphan female lead ,7.766666666666667,1717.3333333333333,3361.6666666666665,3
orphan male lead,7.744827586206899,2133.137931034483,7600.9655172413795,25
orphan male lead ,7.775,784.25,8569.0,4
orphanage setting,7.4,5791.0,319.0,1
outer space,8.2,2055.5,11182.0,1
outer space ,,3713.0,,1
overbearing ceo,7.525,603.5,8960.0,4
painter,7.8,2424.0,1041.0,1
painter female lead,7.5,1850.0,1372.0,1
painting,8.0,1021.5,5349.5,2
palace setting,7.6,40616.2,3202.4,5
pandemic,7.4,5542.5,401.5,2
paparazzi,7.6,1461.0,5179.5,2
parallel dimension,8.4,1088.0,28193.666666666668,4
parallel universe,8.1,49.0,37780.0,1
parody,7.466666666666666,2247.3333333333335,3614.6666666666665,2
parody ,7.5,791.0,5427.0,1
part-time worker ,7.7749999999999995,2174.75,3395.0,1
part-time worker female lead,7.75,3582.0,474.5,1
part-time worker female lead ,7.5,5284.0,265.0,1
part-time worker male lead,7.7,1493.0,2274.5,1
part-time worker male lead ,8.0,1880.0,684.0,1
partner switch,6.7,7344.0,207.0,1
passionate male lead,8.0,223.0,14765.0,1
passive female lead,7.7,1037.0,3067.0,1
past and present,8.133333333333333,920.3333333333334,8973.666666666666,3
past failure,8.1,1378.0,2027.0,1
pathetic female lead,7.4,467.0,9148.0,1
patisserie,8.0,1880.0,684.0,1
patissier male lead,7.2,559.0,8888.0,1
patriotism ,8.7,112.0,20857.0,1
peasant revolution,8.2,1365.0,1399.0,1
perfectionist male lead,,3726.0,,1
performing arts,7.35,1462.0,3405.5,1
performing arts ,6.5,2107.0,2221.0,1
perseverance,8.1,406.0,9862.0,1
persevering female lead,8.1,406.0,9862.0,1
personal assistant supporting character,7.7,2855.5,760.0,2
personality change,8.4,374.0,8156.0,1
philosophical,8.4,1068.0,2362.0,1
phobia,7.81,746.1,20596.4,6
phobia ,6.9,2504.0,1148.0,1
photographer,7.7,2583.5714285714284,3309.8571428571427,1
photographer ,7.666666666666665,2637.5,3654.5,1
photographer female lead,7.4,2112.0,1244.0,1
photographer male lead,7.966666666666666,4044.0,3297.0,2
photographer male lead ,8.3,412.0,9583.0,1
photographer supporting character,7.3,1001.0,4716.0,1
photographic memory,8.2,819.0,5229.0,1
photography,7.233333333333333,1639.3333333333333,4805.833333333333,4
photography ,6.85,2823.5,751.5,2
physiognomy,7.5,1797.0,1343.0,1
pianist female lead,7.5,781.0,5923.0,1
pianist male lead,7.5,2791.5,3171.5,4
pickpocket,7.7,3830.0,422.0,1
pilot male lead,7.45,2406.0,1631.0,2
plane crash,7.95,282.0,17741.5,2
plane setting,7.45,2956.5,1026.5,2
plastic surgeon male lead ,7.4,5791.0,319.0,1
plastic surgery,7.56,22108.8,13017.4,5
playboy male lead,7.540000000000001,34892.166666666664,8955.8,6
player male lead,7.8,938.0,3973.0,1
playful male lead,7.5,252.0,13228.0,1
playwright,7.5,99999.0,28.0,1
poetry,7.9,946.5,4292.5,2
poison,7.75,1678.0,4011.0,2
police academy,8.100000000000001,561.0,6485.5,2
police captain supporting character,7.8,4375.0,522.0,1
police department,7.888235294117647,1911.5294117647059,2307.176470588235,4
police department setting,7.938461538461539,1822.3076923076924,2583.769230769231,11
police department setting ,8.100000000000001,1164.0,2730.5,2
police dog,8.2,709.0,5415.0,1
police inspector female lead,8.1,711.0,1988.0,1
police inspector supporting character,8.1,711.0,1988.0,1
police officer female lead,7.816666666666666,1493.6666666666667,3304.1666666666665,5
police officer female lead ,7.5,1432.0,1823.0,1
police officer male lead,7.95,2358.5,4532.5,4
police officer supporting character,7.5,1142.5,5243.0,2
police procedural,7.959999999999999,1885.4,6778.6,5
policeman,7.699999999999999,1321.5,2719.0,2
policewoman,7.983333333333333,1693.1666666666667,5539.333333333333,4
policewoman ,8.350000000000001,402.5,7956.0,2
political,7.884615384615385,1382.923076923077,7194.153846153846,6
political ,7.928571428571428,1676.7142857142858,4845.857142857143,2
political intrigue,8.225,1006.25,7609.75,3
political intrigue ,8.7,478.0,10322.0,1
political power,7.8,2437.0,1394.0,1
politician male lead,8.0,6455.5,4555.0,2
poor family,8.4,1683.2,22930.0,5
poor female lead,7.8,2103.3142857142857,12452.28125,30
poor female lead ,8.4,308.8,19424.6,5
poor male lead,7.933333333333334,1487.0588235294117,11835.266666666666,13
poor male lead ,7.75,2441.5,8710.5,4
popular female lead,7.949999999999999,1646.5,4538.0,2
popular male lead,7.666666666666667,1514.3333333333333,14961.166666666666,6
positive female lead,7.714285714285714,3508.285714285714,2271.714285714286,7
possessive female lead,9.0,7.0,71704.0,1
possessive male lead,7.6428571428571415,8234.42857142857,13214.07142857143,14
possessive wife,6.7,8958.0,74.0,1
post apocalyptic,,3292.0,,1
pottery,7.3,1856.0,1800.0,1
potty humor,7.8,789.0,5248.0,1
poverty,6.3,3535.0,259.0,1
power struggle,8.006382978723405,1578.2978723404256,8123.0,45
power struggle ,8.85,209.5,19205.0,2
pre-produced,7.374999999999999,2563.25,5758.666666666667,10
pre-produced ,7.8,9629.5,133.5,2
precognition,7.583333333333333,1560.8333333333333,5639.5,5
precognition ,7.1,1982.0,1778.0,1
predjama castle,7.2,854.0,4503.0,1
pregnancy,7.468181818181818,11979.272727272728,3034.0454545454545,10
pregnancy ,7.300000000000001,30100.0,395.5,4
pregnant female lead,7.4,3093.0,677.0,1
prejudice,7.4,7116.0,242.0,1
premonition,7.8,1963.5,1443.5,2
presidential election,7.6,7774.0,132.0,1
pretends to be gay,7.0,1814.0,1647.0,1
priest,7.65,1605.3333333333333,1782.5,2
priest male lead,7.9,1773.0,1707.0,1
priest supporting character,7.9,1773.0,1707.0,1
prime minister,7.766666666666667,6089.0,2995.6666666666665,3
prince male lead,7.9799999999999995,3367.1666666666665,7294.4,5
prince male lead ,8.2,68.0,29778.0,1
prince sado,7.9,1658.5,2611.5,2
prince supporting character,7.6,7752.5,98.5,1
prince supporting character ,7.8,6053.0,142.0,1
prince syndrome,6.9,1467.0,1714.0,2
princess female lead,7.88,1892.2,5052.4,3
princess female lead ,8.1,494.5,7653.0,2
princess supporting character,7.8,514.0,9297.0,1
prison,8.02,2248.8,5947.2,4
prison setting,8.0,1550.0,1174.0,1
prisoner,8.5,588.0,5159.0,1
prodigy,7.4,2065.5,9148.0,2
producer,7.416666666666667,1640.8333333333333,4763.333333333333,2
producer female lead,7.133333333333333,832.6666666666666,8201.333333333334,2
producer male lead,7.3999999999999995,1127.6666666666667,8194.333333333334,1
professor,8.120000000000001,1167.8,28972.2,2
professor female lead,7.9,1090.5,4610.0,2
professor male lead,7.65,2182.0,3148.0,2
programmer,7.8,966.0,3624.0,1
promise,7.1,6638.0,178.0,1
prosecutor female lead,8.211111111111112,2191.5454545454545,5778.666666666667,11
prosecutor male lead,7.717647058823529,2609.6111111111113,2277.705882352941,15
prosecutor male lead ,7.933333333333333,2646.3333333333335,2545.0,3
prosecutor supporting character,8.033333333333333,2722.3333333333335,1148.3333333333333,3
prosopagnosia,7.883333333333333,237.33333333333334,18093.833333333332,6
prostitution,8.5,96.0,27200.0,1
protective brother,7.6,3245.0,585.0,1
protective male lead,8.1,365.0,9000.0,1
pseudo incest,7.4,9562.0,57.0,1
psychiatrist,7.7,1236.125,8914.375,2
psychiatrist female lead ,8.7,22.0,43265.0,1
psychiatrist male lead,7.3,1568.6666666666667,3206.3333333333335,2
psychiatrist male lead ,6.9,1676.0,2351.0,1
psychiatrist supporting character,7.7,1062.0,5541.0,1
psychiatry,8.225,890.75,20932.25,8
psychic female lead ,7.3,1195.0,3065.0,1
psychological,8.069999999999999,562.3,11282.8,9
psychological manipulation,8.8,191.0,15135.0,1
psychology,7.525,1109.75,5198.0,4
psychometry,8.1,1226.0,14429.5,2
psychopath,7.716666666666666,1809.3333333333333,4954.333333333333,3
psychopath male lead,7.0,2632.0,796.0,1
psychopath supporting character,7.5,3065.5,756.0,2
ptsd,8.457142857142857,552.0,16320.714285714286,7
public officer,7.6000000000000005,3158.0,440.6666666666667,1
public officer ,7.699999999999999,3008.0,446.5,1
public officer supporting character,7.6,3890.0,298.0,1
punishment,7.6,4211.0,404.0,1
pâtissier,6.8,1641.0,1638.0,1
qing dynasty,7.4,5350.0,267.0,1
queen dowager supporting character,8.2,1416.0,1737.0,1
queen supporting character,7.8,6053.0,142.0,1
quirky humour,8.25,405.0,18024.0,2
racism,8.4,1055.0,3016.0,1
radio personality,7.05,2526.5,2067.0,2
rags to riches,7.283333333333332,3908.75,2595.5833333333335,11
rags to riches ,7.1,1866.0,2248.0,1
raised by aunt,7.8,5860.0,154.0,2
raised by elder brother,7.6,3552.0,638.0,1
raised by grandfather,7.1,6511.0,272.0,1
raised by grandmother,7.8,869.0,9495.0,2
raised by sister,8.1,2877.0,959.0,1
raised by uncle,7.6,5973.0,68.0,1
rape,7.9,3226.0,3747.25,3
real estate agent female lead,7.2,3933.0,728.0,1
reality show ,6.9,4422.0,583.0,1
rebellion,8.283333333333333,923.3333333333334,7693.333333333333,6
record producer female lead,6.8,460.0,9147.0,1
record producer male lead,7.3,1579.5,5386.5,2
redemption,7.5,3134.5,3215.3333333333335,4
reincarnated lovers,7.233333333333333,982.3333333333334,4236.0,3
reincarnation,7.918181818181819,470.90909090909093,14147.545454545454,11
religion,8.066666666666666,861.6666666666666,11008.666666666666,1
religious female lead,7.3,5089.0,415.0,1
remarriage,7.933333333333333,3057.3333333333335,5514.333333333333,3
repentance,7.5,3219.0,1364.0,3
reporter female lead,7.783333333333334,1915.0,7137.5,7
reporter male lead,7.85,3280.5,1039.5,2
reporter supporting character,7.65,2851.0,961.0,2
rescue,8.2,516.0,5738.0,1
rescue team,8.2,516.0,5738.0,1
researcher male lead,7.3,1834.0,1587.0,1
resentment,7.9,2272.0,1046.0,1
reserved male lead,7.5,2435.5,6458.5,1
reserved male lead ,7.9,268.0,12357.0,1
resident doctor ,7.65,1893.0,11863.5,2
restaurant setting,7.262499999999999,16067.375,2237.875,8
restaurateur female lead,7.0,8334.0,147.0,1
restaurateur male lead,7.3,2270.3333333333335,1471.6666666666667,1
restaurateur male lead ,7.3,2204.0,1486.0,2
retail clerk female lead,7.5,2689.0,931.0,2
retaliation,7.2,6139.0,418.0,1
retrocognition,7.3,3478.0,745.0,1
return from abroad,7.8,2800.0,606.0,1
return to hometown,7.9,2329.0,4123.0,4
reunification of korea,8.25,375.5,12683.0,2
revenge,7.81417910447761,3197.392592592593,7297.873134328358,118
revenge ,7.358823529411764,11188.411764705883,4930.470588235294,16
revenge killing,7.9,2607.0,995.0,1
reverse-harem,7.6428571428571415,329.85714285714283,26667.428571428572,7
revolt,7.5,2661.0,811.0,1
revolution,8.233333333333333,3069.3333333333335,2378.0,3
rich family,7.5200000000000005,3204.2727272727275,1514.6,10
rich family ,8.3,678.0,6256.0,1
rich female lead,7.750000000000001,3581.242424242424,8066.633333333333,30
rich female lead ,7.5,2763.0,1523.3333333333333,3
rich kid,7.8,2083.0,1717.0,1
rich male lead,7.829411764705884,1247.9411764705883,17208.964705882354,68
rich male lead ,7.694117647058825,2553.0588235294117,13412.35294117647,17
rich man/poor woman,7.650819672131149,3494.4754098360654,13664.803278688525,55
rich man/poor woman ,7.683333333333334,2217.0,6911.666666666667,6
rich woman/poor man,7.433333333333331,3759.222222222222,4619.611111111111,16
rich woman/poor man ,7.2,4976.5,689.0,2
riches to rags,7.558333333333333,3985.25,4350.416666666667,10
riches to rags ,7.800000000000001,4384.0,10673.0,2
righteous female lead,7.4,5909.0,250.0,1
righteous male lead,8.0,2844.1428571428573,5215.714285714285,6
righteous male lead ,7.7,3830.0,422.0,1
ripley syndrome,7.300000000000001,1548.5,2272.5,2
rivalry,7.706060606060606,5364.212121212121,8355.575757575758,10
rivalry ,7.771428571428572,2652.8571428571427,12771.57142857143,3
rivals to lovers,6.9,985.0,4686.0,1
robot,8.033333333333333,187.33333333333334,27701.0,3
romance,7.9430434782608685,1710.708695652174,12055.860869565216,3
romance ,7.906451612903226,1439.0645161290322,8428.90322580645,2
romeo and juliet,8.0,790.0,5228.0,2
royal family,7.949999999999999,1109.5,19354.5,2
royalty,7.94,14586.111111111111,4301.8,25
royalty ,9.0,53881.5,79.0,2
rude female lead,7.5,11940.0,35.0,1
runaway teenager,8.6,652.0,7874.0,1
rural life,8.2,1044.0,5493.0,2
ruthless male lead,7.8,868.0,3935.0,1
sabotage,6.9,3725.0,1136.0,1
sacrifice happiness,8.1,146.0,22265.0,1
salesman/saleswoman supporting character,7.5,1608.0,2665.0,1
sassy female lead,7.9228571428571435,932.6666666666666,18662.714285714286,30
sassy female lead ,7.833333333333333,797.6666666666666,15041.5,6
satire,8.114285714285716,1134.142857142857,7270.0,4
savant syndrome,8.75,146.0,21931.0,2
scandal,7.5,4440.571428571428,7325.6,7
scheme,7.814285714285714,2298.5,4222.785714285715,14
scholar male lead,7.8,250.0,11818.0,1
school,7.943037974683541,2280.4814814814813,14192.075949367088,14
school ,8.017948717948718,1277.439024390244,15021.410256410256,7
school bullying,8.191666666666666,536.7083333333334,20206.666666666668,22
school bullying ,8.75,155.0,17524.5,2
school club,7.575,1754.75,6988.5,4
school gang,8.0,1147.0,2934.0,1
school problems,7.88,1380.8,15524.2,3
school problems ,7.4,2535.5,7278.5,2
school rivalry,8.45,231.0,14467.0,1
school rivalry ,8.1,295.0,10302.0,1
school violence,8.399999999999999,1029.0,11628.0,2
sci-fi,7.7,2311.0,1176.0,1
scientist,7.9,1964.0,1529.0,1
screenwriter female lead,7.633333333333334,2990.5,3724.1666666666665,6
screenwriter male lead,7.2,3465.6666666666665,2291.3333333333335,3
screenwriter supporting character,7.9,1113.0,3584.0,1
seaside setting,7.4750000000000005,676.75,6335.5,3
seaside setting ,7.8,831.0,3779.0,1
second chance,7.652830188679248,2111.0377358490564,7294.679245283019,34
second chance ,7.549999999999999,2294.55,6213.15,5
second chance romance,7.518749999999999,2664.5,5327.3125,13
second chance romance ,7.666666666666667,1467.6666666666667,4725.333333333333,3
secondary couple,7.675757575757576,6013.484848484848,9835.484848484848,29
secondary couple ,7.525,3443.5,2075.5,4
secret,7.680188679245281,5420.135135135135,5133.481132075472,26
secret ,7.731250000000003,2706.7708333333335,5793.354166666667,2
secret child,8.149999999999999,1350.0,2817.0,2
secret crush,7.742857142857144,2180.5714285714284,6936.238095238095,21
secret organization,8.05,750.25,6519.25,4
secret relationship,7.75,1328.7,6304.7,10
secret romance,7.375,5218.25,744.0,4
secret second family,7.8,5060.0,322.0,1
secretary female lead,7.7,2510.0,4779.5,2
secretary male lead,7.0,648.0,5883.0,1
secretary supporting character,7.75,2183.5,1496.0,2
security guard,7.9,268.0,12357.0,1
sejong the great,7.6,27940.0,843.25,4
self- redemption,,3692.0,,1
self-harm ,8.5,685.0,3787.0,1
self-sacrifice,7.75,4854.0,11161.0,2
selfish female lead,7.0,7088.0,132.5,1
selfish female lead ,7.4,7217.0,83.0,1
selfish male lead,8.2,1860.0,1818.0,1
selfish mother,7.257142857142858,4677.285714285715,4150.428571428572,6
selfish mother ,6.7,8958.0,74.0,1
selfless female lead,7.466666666666666,2315.3333333333335,2711.0,2
selfless female lead ,8.2,1860.0,1818.0,1
selfless male lead,8.35,1275.5,36229.5,2
senior-junior relationship ,7.9,1443.0,2357.0,1
sense of culpability,7.9,2607.0,995.0,1
sensitive female lead,7.9,2272.0,1046.0,1
separated family,7.4,3719.5,730.0,2
separation at birth,7.7,2916.0,5775.0,2
separation at birth ,7.5,5446.0,499.0,1
serial killer,7.875,1047.75,4027.75,1
serial killer supporting character,8.066666666666668,998.6666666666666,4348.666666666667,3
serial killings,8.3,692.0,6184.0,1
serious male lead,8.149999999999999,199.5,22976.5,1
serious male lead ,8.1,158.0,24755.0,1
servant,7.883333333333333,1725.5,3603.8333333333335,1
sex trafficking,8.5,96.0,27200.0,1
sexual abuse,8.65,5651.0,6847.5,1
sexual assault,8.250000000000002,1087.6666666666667,8694.0,4
sexual assault ,7.85,1938.0,3727.0,1
sexual content,7.854545454545454,1755.8181818181818,6320.090909090909,9
sexual harassment,7.839999999999999,2913.6,8100.8,5
sexual innuendo,7.9,418.0,8592.0,1
shamanism,7.924999999999999,691.0,11987.5,5
shamanism ,7.966666666666668,202.0,23696.333333333332,3
share house,7.3,50203.0,5253.0,2
shoesmaker,7.5,2248.0,1378.0,1
short length series,7.437500000000001,2464.625,4768.375,23
short length series ,7.3,1411.0,3420.0,1
short track speed skating,7.8,5682.0,877.0,2
showa era,7.6,99999.0,34.0,1
shy female lead,7.980000000000001,21211.0,8806.8,5
shy male lead,7.633333333333333,1047.6666666666667,5546.666666666667,3
sibling rivalry,7.988888888888888,1365.2222222222222,20715.11111111111,7
sibling rivalry ,7.75,544.0,35708.0,2
sick female lead,8.2,1860.0,1818.0,1
sick son,7.8,5060.0,322.0,1
side effect,7.4,1384.0,2792.0,1
silla dynasty,7.720000000000001,4596.2,7434.0,3
silla dynasty ,7.6,6045.0,292.5,2
sincere male lead,7.6,6512.0,209.0,1
singer female lead,7.114285714285714,2075.4285714285716,7249.428571428572,7
singer male lead,7.5,10751.0,9847.1,10
singer male lead ,8.1,189.0,14601.0,1
singing,7.525,1172.75,24728.75,3
singing ,7.6,89.0,32805.0,1
single father,7.5227272727272725,3858.5454545454545,1999.5,16
single father ,7.8500000000000005,1556.1666666666667,4335.833333333333,1
single father male lead,7.859999999999999,1681.4,4366.6,4
single father male lead ,8.0,2222.0,1616.0,1
single female lead,7.35,6082.0,978.0,1
single female lead ,7.1,10250.0,9.0,1
single male lead ,7.9,2892.0,773.0,1
single mother,7.684848484848485,6321.272727272727,3368.848484848485,20
single mother ,7.709090909090909,2600.6363636363635,2987.0,3
single mother female lead,7.675,3098.0,1483.625,8
single mother/father supporting character ,8.149999999999999,2415.0,4547.5,2
sismance,7.965573770491803,1204.672131147541,11363.524590163934,58
sismance ,7.666666666666667,1518.0,4915.666666666667,3
sitcom ,7.0,99999.0,6.0,1
skilled killer,7.977777777777778,736.5555555555555,8270.555555555555,9
skinship,7.35,2900.0,2632.0,2
slapstick,7.8,789.0,5248.0,1
slave male lead,7.7,5564.0,290.0,1
slavery,8.7,478.0,10322.0,1
sleep disorder,7.9,1082.0,2908.0,1
sleepwalking,7.9,1082.0,2908.0,1
slice of life,8.042857142857143,1877.75,8258.285714285714,7
slice of life ,7.7,1499.0,3434.0,1
slight comedy,8.666666666666666,376.3333333333333,9432.333333333334,3
slight romance,8.04375,1270.03125,8864.0625,27
slight romance ,8.12,1185.0,8162.2,5
slow burn romance,7.978378378378378,1326.2162162162163,10609.162162162162,35
slow burn romance ,7.45,2636.0,8233.5,2
slow burn story,8.144444444444444,1138.111111111111,5164.666666666667,8
slow burn story ,8.1,280.0,10040.0,1
slow romance,8.319999999999999,485.0,16012.6,4
slow romance ,8.3,684.0,6577.0,1
slush funds,4.0,99999.0,1.0,1
sly female lead,7.375,7710.0,235.25,4
sly male lead,7.1,4586.0,308.0,1
smart antihero,8.3,360.0,9593.0,1
smart female lead,8.10102040816326,1417.8181818181818,11589.173469387755,85
smart female lead ,7.957142857142857,1974.357142857143,15248.357142857143,14
smart male lead,8.113207547169804,933.5794392523364,11095.622641509433,98
smart male lead ,8.200000000000001,1469.7777777777778,9917.777777777777,9
snowy setting,8.0,944.0,14865.5,1
snowy setting ,8.1,71.0,28172.0,1
soap opera,7.302597402597405,16173.207792207791,503.2987012987013,62
soap opera ,7.36,25440.8,630.1333333333333,15
social anxiety disorder,7.45,1200.0,13432.5,2
social commentary,8.266666666666666,855.1666666666666,7999.666666666667,6
social justice,8.6,1027.0,3916.0,1
social media,8.3,337.5,14037.5,2
social problems,8.2,964.7142857142857,8385.42857142857,7
social realism,8.4,1068.0,2362.0,1
social satire,8.325000000000001,487.75,11474.0,4
social workers,,3726.0,,1
society,7.900000000000001,1987.0,6724.0,1
sociophobia,7.266666666666667,1851.6666666666667,2885.3333333333335,3
software developer female lead,,3714.0,,1
soldier,8.35,5746.666666666667,9141.5,1
soldier ,8.2,3061.5,18228.0,1
soldier female lead,,5949.0,,1
sommelier,7.0,11118.0,145.0,1
songwriter female lead,8.3,412.0,9583.0,1
songwriter male lead,7.8999999999999995,377.0,16832.333333333332,3
soulmates,7.95,280.75,19857.5,4
space mission,8.2,398.0,11182.0,1
space travel,8.2,398.0,11182.0,1
special power,7.917391304347827,753.2173913043479,17420.217391304348,20
special power ,8.200000000000001,315.3333333333333,45975.0,3
speech disorder,7.8,2437.0,1394.0,1
spirit,8.241666666666667,1029.8333333333333,7057.0,8
spirit ,7.9750000000000005,1226.25,4107.25,1
spirit possession,8.0,1070.6666666666667,4833.0,3
spoiled male lead ,7.5,448.0,8265.0,1
sport club,8.8,505.0,8256.0,1
sports,7.066666666666666,1729.3333333333333,3555.6666666666665,1
sports ,7.0,2190.0,1961.0,2
spy,7.544444444444443,2911.222222222222,4514.111111111111,8
spy male lead,8.3,307.0,12180.0,1
stalker,7.666666666666667,797.6666666666666,5179.333333333333,2
stalker supporting character,8.2,378.0,6208.0,1
stalking,7.779999999999999,1156.2,11580.8,4
stalking ,8.3,692.0,6184.0,1
star crossed lovers,7.85263157894737,2005.421052631579,16677.473684210527,19
stay at home dad,7.4,8835.5,214.0,2
steamy kiss,7.906250000000003,359.5416666666667,21141.3125,43
steamy kiss ,7.74,316.4,20232.6,5
step-siblings love,7.066666666666666,8345.0,126.0,1
step-siblings love ,7.2,8873.5,99.5,2
stepfather-stepdaughter relationship ,8.1,620.0,7057.0,1
stepsibling romance,7.0,8185.0,142.0,1
stolen identity,7.833333333333333,3466.3333333333335,5774.0,3
stolen money,,1517.0,,1
store manager,7.9,370.5,11481.0,2
street fight,8.120000000000001,1204.2,7371.4,5
strict boss,8.1,3007.0,701.0,1
strict father,7.8,1878.3333333333333,8614.0,3
strict female lead,8.1,3007.0,701.0,1
strict grandfather,6.7,8958.0,74.0,1
strict mother,7.5,3269.0,729.0,1
strict parent,7.4,3458.0,429.0,1
strong female lead,8.057894736842108,2146.560869565217,11198.17543859649,210
strong female lead ,8.126315789473683,6628.2,16471.63157894737,20
strong male lead,8.064788732394362,1276.513888888889,10963.69014084507,67
strong male lead ,7.880000000000001,949.2,5975.0,5
stubborn female lead,7.233333333333333,4290.333333333333,824.0,3
student,7.834615384615382,3351.375,7091.4807692307695,39
student ,7.5249999999999995,13970.625,2214.125,6
student-teacher relationship,7.65,1131.4,8972.8,9
student-teacher relationship ,7.1,4753.0,451.0,1
studied abroad,7.8,5860.0,154.0,2
stylist female lead,7.4,3648.0,360.0,1
successful female lead,7.9818181818181815,1613.6363636363637,13066.09090909091,11
successful male lead,7.904347826086957,1091.8695652173913,13130.91304347826,20
successful male lead ,7.633333333333333,2321.6666666666665,4249.333333333333,3
suicide,8.133333333333333,1232.8,8707.333333333334,5
suicide ,8.533333333333333,713.0,18639.666666666668,1
suicide prevention,8.9,165.0,18812.0,1
summer,7.3,1853.5,2325.5,1
summer vacation,7.3,1173.0,3133.0,1
superhuman strength,8.01,828.5,28722.5,8
superhuman strength ,7.449999999999999,2820.5,4083.5,2
supermarket,8.2,2042.0,1491.0,1
supernatural,7.948,798.3846153846154,15929.88,11
supernatural ,7.8066666666666675,833.8,11010.6,1
supernatural phenomena,7.775,595.75,14618.0,4
supernatural power,7.8,832.3,10508.4,10
superpower,,2780.0,,1
superstition,7.8,938.0,3973.0,1
supportive father-in-law,7.5,4987.0,342.0,1
supportive girlfriend,8.3,2679.0,741.0,1
supportive mother-in-law,7.4,4799.0,548.0,1
supportive parent ,7.1,6638.0,178.0,1
surgeon,7.705882352941177,3346.9411764705883,2286.294117647059,2
surgeon ,7.721428571428571,3413.4285714285716,2203.8571428571427,1
surgeon female lead,7.65,4441.25,584.75,4
surgeon male lead,7.7727272727272725,3013.090909090909,2683.4545454545455,5
surgeon male lead ,7.875,2526.5,3777.5,1
survival,8.244444444444445,644.0,21611.11111111111,8
survival ,7.6,3025.0,707.0,1
survivor guilt,8.6,67.0,27458.0,1
suspense,7.913253012048191,4083.784090909091,5206.6626506024095,58
suspense ,7.726923076923076,9070.866666666667,3328.3076923076924,30
sweet male lead,7.9,636.5,7823.0,1
sweet male lead ,7.9,641.0,7775.0,1
swimmer female lead ,8.1,479.0,7389.0,1
swimming,8.8,4.0,81410.0,1
swindler female lead,7.4,4050.5,360.0,2
swindler male lead,7.840000000000001,2003.8,3753.4,5
swindler supporting character,7.4,7217.0,83.0,1
swindling,7.5,610.0,5916.0,1
switched at birth,7.4,4617.0,221.0,1
sword-fight,8.10909090909091,2547.0,8302.636363636364,10
sword-fight ,8.9,97.0,19486.0,1
swordsman,8.1,463.0,12415.0,2
swordswoman,7.949999999999999,2467.0,1189.5,2
sworn enemy,7.2,854.0,4503.0,1
synesthesia,7.9,163.0,20062.0,1
taboo,6.6,6626.0,227.0,1
taejo,8.0,4963.666666666667,2208.0,2
taejong,8.3,1305.0,3283.0,2
talent agent female lead,,99999.0,,1
talent agent male lead,,99999.0,,1
talent manager female lead,7.7,785.0,3982.0,1
talent manager male lead,7.550000000000001,2483.0,3994.0,2
talented female lead,7.7,1197.0,3535.0,1
talented male lead,7.7,1197.0,3535.0,1
talking animal,7.4,1106.0,3865.0,1
tang dynasty,7.6,7194.0,137.0,1
taxi driver male lead,8.8,222.0,14681.0,1
teacher female lead,7.525,4357.8,918.5,5
teacher male lead,7.75,33990.666666666664,11648.0,3
teacher supporting character,7.8,1528.5,3136.5,2
team leader female lead,8.9,50082.0,18812.0,1
team leader female lead ,8.9,165.0,18812.0,1
team leader male lead,8.1,50493.5,3832.0,1
team leader male lead ,8.1,988.0,3832.0,1
team leader supporting character,7.5,2475.0,2127.0,2
team manager,7.2,4804.0,294.0,1
teamwork,8.029166666666667,1185.3541666666667,6482.25,47
teamwork ,7.9,1912.0,1612.0,1
tearjerker,8.008333333333335,1704.125,14067.583333333334,24
teen marriage,7.800000000000001,50725.5,943.5,1
teen marriage ,7.9,99999.0,12.0,1
teen parents,7.7,1452.0,1875.0,1
teenage pregnancy,7.4399999999999995,3318.4,1405.6,5
teenager,7.933333333333333,875.75,8097.0,1
teenager female lead,7.3,956.0,10876.0,2
teenager male lead,7.3,395.0,10876.0,1
telepathy,7.4,885.0,5119.0,1
tennis player,7.2,808.0,6745.0,1
terminal care,8.2,1860.0,1818.0,1
terminal illness,7.889999999999998,1983.05,5930.6,17
terminal illness ,7.633333333333333,6746.666666666667,253.0,3
terrorism,8.6,861.0,4974.0,1
terrorist,7.766666666666667,887.6666666666666,11197.666666666666,3
tetra-chromatic,7.2,7973.0,109.0,1
theater,7.45,1658.6666666666667,7387.0,2
theater setting,7.5,351.0,9375.0,1
thief,7.7,2336.8333333333335,2300.6666666666665,4
thief female lead,8.0,2315.0,1535.0,1
thief male lead,6.9,4360.0,256.0,1
thoracic surgeon male lead,7.9,1455.0,1473.0,1
thoracic surgeon supporting character,7.9,1455.0,1473.0,1
three kingdoms of korea,7.75,3935.0,1982.0,2
thriller ,7.7,1057.0,3397.0,1
thug supporting character,7.9,2414.0,1233.0,1
time altering,7.7,1065.0,8117.666666666667,3
time loop,7.8,1258.5,5745.666666666667,4
time manipulation,8.35,157.5,39227.0,4
time skip,7.746666666666667,2465.133333333333,7620.2,14
time skip ,8.7,1021.0,3634.0,1
time travel,7.900000000000001,657.9629629629629,12430.0,25
time travel ,7.050000000000001,1334.5,3371.0,2
time warp,7.7,2311.0,1176.0,1
timid female lead,8.1,537.0,7038.0,1
tomboy,7.733333333333333,1794.3333333333333,4497.333333333333,3
tone deaf,7.5,984.0,3423.0,1
torture,8.6,5624.5,10144.5,2
tough female lead,7.836363636363638,3154.1666666666665,2829.818181818182,10
tough female lead ,7.8,3379.5,4315.0,2
tough male lead,8.277777777777779,1068.0,16937.88888888889,7
tough male lead ,8.45,295.0,38860.5,2
tough past,7.966666666666668,2610.0,5192.333333333333,3
tour guide,8.1,663.0,5652.0,1
tourism ,8.1,663.0,5652.0,1
tragic past,7.975714285714285,1113.3521126760563,11425.371428571429,65
tragic past ,7.6,2784.8333333333335,9394.4,6
transfer student,7.659999999999999,894.4,5307.0,3
transfer student ,7.8,1173.0,3122.0,2
transformation,7.4125,1916.25,4701.125,6
transmigration,8.6,573.4,10018.4,5
trauma,8.094444444444447,1110.9285714285713,15823.111111111111,48
trauma ,7.9,4043.0,29121.0,2
travel agency,8.0,494.0,9472.0,1
treason ,8.1,49.0,37780.0,1
trot music,7.3,809.0,6239.0,1
troublemaker male lead,7.7,11074.0,44.0,1
true love ,8.8,1.0,91993.0,1
tutor,7.3,1166.0,2724.0,1
tv host,7.65,2614.0,1557.5,1
tv host supporting character,7.9,1183.0,2737.0,1
twin exchange,7.9,896.5,25596.0,2
twin flames,8.0,633.0,4555.0,1
twins,7.688888888888889,13609.555555555555,3176.4444444444443,8
twins ,7.4,99999.0,9.0,1
ulterior motive,7.2,946.0,5690.0,1
uncle-nephew relationship,8.649999999999999,1494.0,13508.5,2
unconditional love,7.65,50630.0,1162.5,2
undercover agent,7.833333333333333,1447.3333333333333,9709.166666666666,4
undercover agent female lead,7.7,1655.0,1852.0,1
undercover agent male lead,8.0,981.0,7016.0,1
undercover agent male lead ,8.3,307.0,12180.0,1
undercover operation,7.6,1432.0,2619.0,2
underdog,7.833333333333333,1589.6666666666667,2752.3333333333335,2
underdog ,8.5,667.0,4840.0,1
underworld,8.233333333333334,1280.0,7441.666666666667,3
unexpected pregnancy,7.528571428571428,2159.8571428571427,1860.5714285714287,7
unfortunate female lead,7.949999999999999,328.5,11475.0,2
unhappy marriage,7.85,3512.0,925.5,2
university,7.8357142857142845,7875.882352941177,11044.0,15
university ,8.2,1083.5,21198.0,2
unlucky female lead,8.1,331.3333333333333,16251.0,3
unlucky male lead,7.4,924.0,2643.0,1
unreliable narrator,7.65,2143.5,1383.0,2
unrequited love,7.681081081081082,4022.5675675675675,8958.594594594595,31
unrequited love ,7.733333333333334,2173.5,5043.666666666667,6
unusual friendship,8.25,1535.25,5672.25,4
useless father,7.333333333333333,7198.333333333333,499.3333333333333,3
vacation,7.699999999999999,918.0,4392.5,1
vampire,7.5,2839.2,6300.4,2
vampire ,7.5,4403.333333333333,4112.0,2
vampire fiction,7.8,250.0,11818.0,1
vampire male lead,7.55,1560.5,6115.0,1
vampire male lead ,7.8,250.0,11818.0,1
vengeful female lead,7.3,2409.5,1383.5,1
vengeful female lead ,7.1,2571.0,1389.0,1
vengeful ghost ,7.9,655.0,6405.0,1
veterinarian,7.866666666666666,1359.6666666666667,9523.0,2
veterinarian ,8.2,260.0,11160.0,1
vice president supporting character,8.3,1561.0,1331.0,1
vice principal supporting character,8.0,1880.0,684.0,1
vietnam war,7.7,11074.0,44.0,1
vigilante,8.4,183.0,25107.5,2
village setting,7.959999999999999,1390.2,4418.8,3
village setting ,8.2,957.5,4288.5,2
villain likes the lead,7.4,3210.0,704.0,1
violence,8.246875000000001,1131.8125,14587.40625,12
violence ,8.06,2664.2,2527.8,2
violence against women,8.1,697.0,6280.0,1
virtual reality,8.1,83.0,26561.0,1
virus,8.059999999999999,2416.0,11776.6,5
visual arts,7.9,1678.0,1699.0,1
volunteer male lead,8.2,1181.0,550.0,1
volunteer supporting character,8.2,1181.0,550.0,1
war,7.839285714285714,2292.3684210526317,9610.410714285714,3
war ,7.733333333333334,4593.333333333333,1195.0,2
warlord,7.85,6664.0,223.0,2
warm female lead,7.900000000000001,883.6666666666666,5235.0,2
warm female lead ,8.3,914.0,4733.0,1
warm male lead,7.9,2438.0,3750.5,1
warm male lead ,7.7,4339.0,463.0,1
warm man/cold woman,7.78888888888889,2317.5555555555557,7667.222222222223,8
warm man/cold woman ,7.3,813.0,6635.0,1
warrior,7.9,8770.0,146.0,1
warrior female lead,7.9,6970.0,233.0,1
water shortage,8.2,398.0,11182.0,1
weak female lead,7.45,3781.8333333333335,8875.666666666666,6
weak male lead,7.314285714285714,2915.8571428571427,3393.714285714286,5
weak male lead ,7.699999999999999,5000.0,5510.0,2
wealth obsession,7.4,2892.0,738.5,2
weather forecaster,7.7,274.0,12670.0,2
web series,7.57962962962963,5707.545454545455,4964.388888888889,44
web series ,7.840000000000001,20389.18181818182,4058.6,11
webtoon artist female lead,6.8,2773.0,1274.0,1
webtoon artist male lead,7.05,2588.0,1358.5,2
webtoon artist supporting character,8.2,936.0,1157.0,1
wedding,7.3,2257.0,1174.0,1
wedlock child,7.2,6139.0,418.0,1
weight loss,8.3,42.0,42528.0,1
weightlifting,8.8,4.0,81410.0,1
welder female lead,7.5,1967.0,2057.0,1
widow,7.6111111111111125,14653.666666666666,663.0,1
widow female lead,7.650000000000001,4012.6666666666665,742.3333333333334,6
widower,7.7,3996.0,763.6666666666666,2
widower male lead,7.9,4180.0,798.0,1
winery,7.0,11118.0,145.0,1
winter sport,7.8,3354.0,877.0,1
witch female lead,7.65,517.0,7522.0,2
womanizer father,7.5,2748.0,983.0,1
workaholic female lead,,99999.0,,1
working mom,8.025,2026.0,4539.75,3
working mom ,7.9,5364.0,361.0,1
workplace abuse,8.053846153846154,1408.923076923077,8731.076923076924,10
workplace abuse ,7.766666666666667,1400.6666666666667,6371.0,3
workplace politics,7.65,2087.0,2790.0,2
workplace romance,7.453333333333334,9210.333333333334,2703.6666666666665,13
workplace romance ,7.7,2655.5,1135.0,2
workplace setting,7.644444444444442,6151.035714285715,1760.4814814814815,27
workplace setting ,7.7,1894.0,2172.0,1
world war 1,8.4,1055.0,3016.0,1
world war 2 ,8.4,1055.0,3016.0,1
writer female lead,7.599999999999999,2402.133333333333,3388.4,7
writer female lead ,7.1,3327.0,893.0,1
writer male lead,7.577777777777778,1729.7,7521.888888888889,3
writer male lead ,,2309.0,,1
writer supporting character,7.7,732.0,6479.5,1
wrongfully accused,7.885294117647059,2215.342857142857,6568.176470588235,30
wrongfully accused ,7.980000000000001,1830.8,11054.2,5
yoga instructor,8.5,944.0,3597.0,1
youth,7.666666666666667,1885.7777777777778,9786.333333333334,9
youtuber female lead ,8.5,944.0,3597.0,1
youtuber male lead,7.5,2689.0,931.0,2
yuan dynasty,8.15,2884.5,7290.0,2
zombie apocalypse,8.4,149.0,28371.0,1
zombies,8.466666666666667,278.3333333333333,20845.666666666668,3
